Id,key,title,title2,code,synonyms,country_id,city_id,club,since,address,web,assoc_id,national,created_at,updated_at
1,alg,Algeria,,ALG,,27,,False,,,,,False,2014-10-17T00:54:09.5839090-04:00,2014-10-17T00:54:09.5839090-04:00
2,egy,Egypt,,EGY,,28,,False,,,,,False,2014-10-17T00:54:09.5868630-04:00,2014-10-17T00:54:09.5868630-04:00
3,mar,Morocco,,MAR,,29,,False,,,,,False,2014-10-17T00:54:09.5891030-04:00,2014-10-17T00:54:09.5891030-04:00
4,lby,Libya,,LBY,,30,,False,,,,,False,2014-10-17T00:54:09.5913100-04:00,2014-10-17T00:54:09.5913100-04:00
5,tun,Tunisia,,TUN,,31,,False,,,,,False,2014-10-17T00:54:09.5944740-04:00,2014-10-17T00:54:09.5944740-04:00
6,cpv,Cape Verde,,CPV,,41,,False,,,,,False,2014-10-17T00:54:09.5983180-04:00,2014-10-17T00:54:09.5983180-04:00
7,gam,Gambia,,GAM,,43,,False,,,,,False,2014-10-17T00:54:09.6009530-04:00,2014-10-17T00:54:09.6009530-04:00
8,gui,Guinea,,GUI,,45,,False,,,,,False,2014-10-17T00:54:09.6033360-04:00,2014-10-17T00:54:09.6033360-04:00
9,gnb,Guinea-Bissau,,GNB,Guinea Bissau,46,,False,,,,,False,2014-10-17T00:54:09.6057440-04:00,2014-10-17T00:54:09.6057440-04:00
10,lbr,Liberia,,LBR,,47,,False,,,,,False,2014-10-17T00:54:09.6078190-04:00,2014-10-17T00:54:09.6078190-04:00
11,mli,Mali,,MLI,,48,,False,,,,,False,2014-10-17T00:54:09.6099170-04:00,2014-10-17T00:54:09.6099170-04:00
12,mtn,Mauritania,,MTN,,49,,False,,,,,False,2014-10-17T00:54:09.6118480-04:00,2014-10-17T00:54:09.6118480-04:00
13,sen,Senegal,,SEN,,52,,False,,,,,False,2014-10-17T00:54:09.6138730-04:00,2014-10-17T00:54:09.6138730-04:00
14,sle,Sierra Leone,,SLE,,53,,False,,,,,False,2014-10-17T00:54:09.6158960-04:00,2014-10-17T00:54:09.6158960-04:00
15,ben,Benin,,BEN,,39,,False,,,,,False,2014-10-17T00:54:09.6181680-04:00,2014-10-17T00:54:09.6181680-04:00
16,bfa,Burkina Faso,,BFA,,40,,False,,,,,False,2014-10-17T00:54:09.6223130-04:00,2014-10-17T00:54:09.6223130-04:00
17,civ,Côte d'Ivoire,,CIV,,42,,False,,,,,False,2014-10-17T00:54:09.6253200-04:00,2014-10-17T00:54:09.6253200-04:00
18,gha,Ghana,,GHA,,44,,False,,,,,False,2014-10-17T00:54:09.6275550-04:00,2014-10-17T00:54:09.6275550-04:00
19,nig,Niger,,NIG,,50,,False,,,,,False,2014-10-17T00:54:09.6296370-04:00,2014-10-17T00:54:09.6296370-04:00
20,nga,Nigeria,,NGA,,51,,False,,,,,False,2014-10-17T00:54:09.6317470-04:00,2014-10-17T00:54:09.6317470-04:00
21,tog,Togo,,TOG,,54,,False,,,,,False,2014-10-17T00:54:09.6338010-04:00,2014-10-17T00:54:09.6338010-04:00
22,cmr,Cameroon,,CMR,,19,,False,,,,,False,2014-10-17T00:54:09.6357630-04:00,2014-10-17T00:54:09.6357630-04:00
23,cta,Central African Republic,,CTA,C. Afr. Rep.,20,,False,,,,,False,2014-10-17T00:54:09.6377990-04:00,2014-10-17T00:54:09.6377990-04:00
24,cha,Chad,,CHA,,21,,False,,,,,False,2014-10-17T00:54:09.6399030-04:00,2014-10-17T00:54:09.6399030-04:00
25,cgo,Congo,,CGO,Congo-Brazzaville|Congo-Brazz.,22,,False,,,,,False,2014-10-17T00:54:09.6419330-04:00,2014-10-17T00:54:09.6419330-04:00
26,cod,Congo DR,,COD,Congo-Kinshasa|Congo-Kinsh.,23,,False,,,,,False,2014-10-17T00:54:09.6440060-04:00,2014-10-17T00:54:09.6440060-04:00
27,eqg,Equatorial Guinea,,EQG,Equat. Guinea,24,,False,,,,,False,2014-10-17T00:54:09.6461390-04:00,2014-10-17T00:54:09.6461390-04:00
28,gab,Gabon,,GAB,,25,,False,,,,,False,2014-10-17T00:54:09.6483290-04:00,2014-10-17T00:54:09.6483290-04:00
29,stp,São Tomé and Príncipe,,STP,São Tomé e Príncipe|São Tomé/Pr.,26,,False,,,,,False,2014-10-17T00:54:09.6507030-04:00,2014-10-17T00:54:09.6507030-04:00
30,bdi,Burundi,,BDI,,1,,False,,,,,False,2014-10-17T00:54:09.6527730-04:00,2014-10-17T00:54:09.6527730-04:00
31,dji,Djibouti,,DJI,,3,,False,,,,,False,2014-10-17T00:54:09.6547770-04:00,2014-10-17T00:54:09.6547770-04:00
32,eri,Eritrea,,ERI,,4,,False,,,,,False,2014-10-17T00:54:09.6569470-04:00,2014-10-17T00:54:09.6569470-04:00
33,eth,Ethiopia,,ETH,,5,,False,,,,,False,2014-10-17T00:54:09.6591600-04:00,2014-10-17T00:54:09.6591600-04:00
34,ken,Kenya,,KEN,,6,,False,,,,,False,2014-10-17T00:54:09.6611750-04:00,2014-10-17T00:54:09.6611750-04:00
35,rwa,Rwanda,,RWA,,11,,False,,,,,False,2014-10-17T00:54:09.6633990-04:00,2014-10-17T00:54:09.6633990-04:00
36,som,Somalia,,SOM,,13,,False,,,,,False,2014-10-17T00:54:09.6653430-04:00,2014-10-17T00:54:09.6653430-04:00
37,ssd,South Sudan,,SSD,,32,,False,,,,,False,2014-10-17T00:54:09.6674350-04:00,2014-10-17T00:54:09.6674350-04:00
38,sdn,Sudan,,SDN,,33,,False,,,,,False,2014-10-17T00:54:09.6695600-04:00,2014-10-17T00:54:09.6695600-04:00
39,tan,Tanzania,,TAN,,14,,False,,,,,False,2014-10-17T00:54:09.6717120-04:00,2014-10-17T00:54:09.6717120-04:00
40,uga,Uganda,,UGA,,15,,False,,,,,False,2014-10-17T00:54:09.6739680-04:00,2014-10-17T00:54:09.6739680-04:00
41,zan,Zanzibar,,ZAN,,14,,False,,,,,False,2014-10-17T00:54:09.6760970-04:00,2014-10-17T00:54:09.6760970-04:00
42,ang,Angola,,ANG,,18,,False,,,,,False,2014-10-17T00:54:09.6785730-04:00,2014-10-17T00:54:09.6785730-04:00
43,bot,Botswana,,BOT,,35,,False,,,,,False,2014-10-17T00:54:09.6812630-04:00,2014-10-17T00:54:09.6812630-04:00
44,com,Comoros,,COM,,2,,False,,,,,False,2014-10-17T00:54:09.6832890-04:00,2014-10-17T00:54:09.6832890-04:00
45,les,Lesotho,,LES,,36,,False,,,,,False,2014-10-17T00:54:09.6856850-04:00,2014-10-17T00:54:09.6856850-04:00
46,mri,Mauritius,,MRI,,9,,False,,,,,False,2014-10-17T00:54:09.6879500-04:00,2014-10-17T00:54:09.6879500-04:00
47,mad,Madagascar,,MAD,,7,,False,,,,,False,2014-10-17T00:54:09.6901900-04:00,2014-10-17T00:54:09.6901900-04:00
48,mwi,Malawi,,MWI,,8,,False,,,,,False,2014-10-17T00:54:09.6923540-04:00,2014-10-17T00:54:09.6923540-04:00
49,moz,Mozambique,,MOZ,,10,,False,,,,,False,2014-10-17T00:54:09.6943630-04:00,2014-10-17T00:54:09.6943630-04:00
50,nam,Namibia,,NAM,,37,,False,,,,,False,2014-10-17T00:54:09.6964340-04:00,2014-10-17T00:54:09.6964340-04:00
51,sey,Seychelles,,SEY,,12,,False,,,,,False,2014-10-17T00:54:09.7023980-04:00,2014-10-17T00:54:09.7023980-04:00
52,rsa,South Africa,,RSA,,34,,False,,,,,False,2014-10-17T00:54:09.7048570-04:00,2014-10-17T00:54:09.7048570-04:00
53,swz,Swaziland,,SWZ,,38,,False,,,,,False,2014-10-17T00:54:09.7072410-04:00,2014-10-17T00:54:09.7072410-04:00
54,zam,Zambia,,ZAM,,16,,False,,,,,False,2014-10-17T00:54:09.7094850-04:00,2014-10-17T00:54:09.7094850-04:00
55,zim,Zimbabwe,,ZIM,,17,,False,,,,,False,2014-10-17T00:54:09.7115170-04:00,2014-10-17T00:54:09.7115170-04:00
56,reu,Réunion,,REU,,199,,False,,,,,False,2014-10-17T00:54:09.7137370-04:00,2014-10-17T00:54:09.7137370-04:00
57,kaz,Kazakhstan,,KAZ,,55,,False,,,,,False,2014-10-17T00:54:09.7178410-04:00,2014-10-17T00:54:09.7178410-04:00
58,afg,Afghanistan,,AFG,,73,,False,,,,,False,2014-10-17T00:54:09.7199490-04:00,2014-10-17T00:54:09.7199490-04:00
59,ban,Bangladesh,,BAN,,68,,False,,,,,False,2014-10-17T00:54:09.7220720-04:00,2014-10-17T00:54:09.7220720-04:00
60,bhu,Bhutan,,BHU,,71,,False,,,,,False,2014-10-17T00:54:09.7242710-04:00,2014-10-17T00:54:09.7242710-04:00
61,ind,India,,IND,,67,,False,,,,,False,2014-10-17T00:54:09.7262150-04:00,2014-10-17T00:54:09.7262150-04:00
62,kgz,Kyrgyzstan,,KGZ,,56,,False,,,,,False,2014-10-17T00:54:09.7283080-04:00,2014-10-17T00:54:09.7283080-04:00
63,mdv,Maldives,,MDV,,72,,False,,,,,False,2014-10-17T00:54:09.7302770-04:00,2014-10-17T00:54:09.7302770-04:00
64,nep,Nepal,,NEP,,69,,False,,,,,False,2014-10-17T00:54:09.7324060-04:00,2014-10-17T00:54:09.7324060-04:00
65,pak,Pakistan,,PAK,,66,,False,,,,,False,2014-10-17T00:54:09.7352730-04:00,2014-10-17T00:54:09.7352730-04:00
66,sri,Sri Lanka,,SRI,,70,,False,,,,,False,2014-10-17T00:54:09.7376520-04:00,2014-10-17T00:54:09.7376520-04:00
67,tjk,Tajikistan,,TJK,,57,,False,,,,,False,2014-10-17T00:54:09.7397350-04:00,2014-10-17T00:54:09.7397350-04:00
68,tkm,Turkmenistan,,TKM,,58,,False,,,,,False,2014-10-17T00:54:09.7418600-04:00,2014-10-17T00:54:09.7418600-04:00
69,uzb,Uzbekistan,,UZB,,59,,False,,,,,False,2014-10-17T00:54:09.7440380-04:00,2014-10-17T00:54:09.7440380-04:00
70,chn,China,,CHN,,63,,False,,,,,False,2014-10-17T00:54:09.7462510-04:00,2014-10-17T00:54:09.7462510-04:00
71,hkg,Hong Kong,,HKG,,200,,False,,,,,False,2014-10-17T00:54:09.7482130-04:00,2014-10-17T00:54:09.7482130-04:00
72,jpn,Japan,,JPN,,60,,False,,,,,False,2014-10-17T00:54:09.7503380-04:00,2014-10-17T00:54:09.7503380-04:00
73,prk,North Korea,,PRK,,61,,False,,,,,False,2014-10-17T00:54:09.7528650-04:00,2014-10-17T00:54:09.7528650-04:00
74,kor,South Korea,,KOR,,62,,False,,,,,False,2014-10-17T00:54:09.7551880-04:00,2014-10-17T00:54:09.7551880-04:00
75,mac,Macau,,MAC,Macao,201,,False,,,,,False,2014-10-17T00:54:09.7572390-04:00,2014-10-17T00:54:09.7572390-04:00
76,mgl,Mongolia,,MGL,,65,,False,,,,,False,2014-10-17T00:54:09.7592700-04:00,2014-10-17T00:54:09.7592700-04:00
77,tpe,Taiwan,,TPE,,64,,False,,,,,False,2014-10-17T00:54:09.7614810-04:00,2014-10-17T00:54:09.7614810-04:00
78,bru,Brunei,,BRU,,80,,False,,,,,False,2014-10-17T00:54:09.7635840-04:00,2014-10-17T00:54:09.7635840-04:00
79,cam,Cambodia,,CAM,,82,,False,,,,,False,2014-10-17T00:54:09.7655910-04:00,2014-10-17T00:54:09.7655910-04:00
80,idn,Indonesia,,IDN,,74,,False,,,,,False,2014-10-17T00:54:09.7676310-04:00,2014-10-17T00:54:09.7676310-04:00
81,lao,Laos,,LAO,,84,,False,,,,,False,2014-10-17T00:54:09.7706490-04:00,2014-10-17T00:54:09.7706490-04:00
82,mas,Malaysia,,MAS,,75,,False,,,,,False,2014-10-17T00:54:09.7737430-04:00,2014-10-17T00:54:09.7737430-04:00
83,mya,Myanmar,,MYA,,81,,False,,,,,False,2014-10-17T00:54:09.7759870-04:00,2014-10-17T00:54:09.7759870-04:00
84,phi,Philippines,,PHI,,78,,False,,,,,False,2014-10-17T00:54:09.7781140-04:00,2014-10-17T00:54:09.7781140-04:00
85,sin,Singapore,,SIN,,76,,False,,,,,False,2014-10-17T00:54:09.7805750-04:00,2014-10-17T00:54:09.7805750-04:00
86,tha,Thailand,,THA,,77,,False,,,,,False,2014-10-17T00:54:09.7833280-04:00,2014-10-17T00:54:09.7833280-04:00
87,tls,Timor-Leste,,TLS,East Timor,83,,False,,,,,False,2014-10-17T00:54:09.7858490-04:00,2014-10-17T00:54:09.7858490-04:00
88,vie,Vietnam,,VIE,,79,,False,,,,,False,2014-10-17T00:54:09.7883510-04:00,2014-10-17T00:54:09.7883510-04:00
89,aia,Anguilla,,AIA,,213,,False,,,,,False,2014-10-17T00:54:09.7925380-04:00,2014-10-17T00:54:09.7925380-04:00
90,atg,Antigua and Barbuda,,ATG,Antigua/Barb.,89,,False,,,,,False,2014-10-17T00:54:09.7948540-04:00,2014-10-17T00:54:09.7948540-04:00
91,abw,Aruba,,ABW,,211,,False,,,,,False,2014-10-17T00:54:09.7968700-04:00,2014-10-17T00:54:09.7968700-04:00
92,bah,Bahamas,,BAH,,90,,False,,,,,False,2014-10-17T00:54:09.7990010-04:00,2014-10-17T00:54:09.7990010-04:00
93,brb,Barbados,,BRB,,91,,False,,,,,False,2014-10-17T00:54:09.8012370-04:00,2014-10-17T00:54:09.8012370-04:00
94,bmu,Bermuda,,BMU,,214,,False,,,,,False,2014-10-17T00:54:09.8033190-04:00,2014-10-17T00:54:09.8033190-04:00
95,vgb,British Virgin Islands,,VGB,,218,,False,,,,,False,2014-10-17T00:54:09.8065280-04:00,2014-10-17T00:54:09.8065280-04:00
96,cym,Cayman Islands,,CYM,Cayman Isl.,215,,False,,,,,False,2014-10-17T00:54:09.8091030-04:00,2014-10-17T00:54:09.8091030-04:00
97,cub,Cuba,,CUB,,85,,False,,,,,False,2014-10-17T00:54:09.8113220-04:00,2014-10-17T00:54:09.8113220-04:00
98,cuw,Curaçao,,CUW,,212,,False,,,,,False,2014-10-17T00:54:09.8136170-04:00,2014-10-17T00:54:09.8136170-04:00
99,dma,Dominica,,DMA,,92,,False,,,,,False,2014-10-17T00:54:09.8157370-04:00,2014-10-17T00:54:09.8157370-04:00
100,dom,Dominican Republic,,DOM,,87,,False,,,,,False,2014-10-17T00:54:09.8179140-04:00,2014-10-17T00:54:09.8179140-04:00
101,grn,Grenada,,GRN,,93,,False,,,,,False,2014-10-17T00:54:09.8200680-04:00,2014-10-17T00:54:09.8200680-04:00
102,hai,Haiti,,HAI,,88,,False,,,,,False,2014-10-17T00:54:09.8222330-04:00,2014-10-17T00:54:09.8222330-04:00
103,jam,Jamaica,,JAM,,86,,False,,,,,False,2014-10-17T00:54:09.8242100-04:00,2014-10-17T00:54:09.8242100-04:00
104,msr,Montserrat,,MSR,,216,,False,,,,,False,2014-10-17T00:54:09.8298780-04:00,2014-10-17T00:54:09.8298780-04:00
105,pur,Puerto Rico,,PUR,,205,,False,,,,,False,2014-10-17T00:54:09.8323260-04:00,2014-10-17T00:54:09.8323260-04:00
106,skn,Saint Kitts and Nevis,,SKN,St. Kitts/N.,94,,False,,,,,False,2014-10-17T00:54:09.8347830-04:00,2014-10-17T00:54:09.8347830-04:00
107,lca,Saint Lucia,,LCA,,95,,False,,,,,False,2014-10-17T00:54:09.8373270-04:00,2014-10-17T00:54:09.8373270-04:00
108,vin,Saint Vincent and the Grenadines,,VIN,St.Vincent/G.,96,,False,,,,,False,2014-10-17T00:54:09.8404550-04:00,2014-10-17T00:54:09.8404550-04:00
109,tri,Trinidad and Tobago,,TRI,Trinidad/Tob.,97,,False,,,,,False,2014-10-17T00:54:09.8427210-04:00,2014-10-17T00:54:09.8427210-04:00
110,tca,Turks and Caicos Islands,,TCA,,217,,False,,,,,False,2014-10-17T00:54:09.8448780-04:00,2014-10-17T00:54:09.8448780-04:00
111,vir,United States Virgin Islands,,VIR,US Virgin Islands|U.S. Virgin Islands|US Virgin I.,206,,False,,,,,False,2014-10-17T00:54:09.8469980-04:00,2014-10-17T00:54:09.8469980-04:00
112,bon,Bonaire,,BON,,119,,False,,,,,False,2014-10-17T00:54:09.8490340-04:00,2014-10-17T00:54:09.8490340-04:00
113,gpe,Guadeloupe,,GPE,,207,,False,,,,,False,2014-10-17T00:54:09.8510670-04:00,2014-10-17T00:54:09.8510670-04:00
114,mtq,Martinique,,MTQ,,208,,False,,,,,False,2014-10-17T00:54:09.8531320-04:00,2014-10-17T00:54:09.8531320-04:00
115,maf,Saint Martin,,MAF,,210,,False,,,,,False,2014-10-17T00:54:09.8555980-04:00,2014-10-17T00:54:09.8555980-04:00
116,sxm,Sint Maarten,,SXM,,119,,False,,,,,False,2014-10-17T00:54:09.8577600-04:00,2014-10-17T00:54:09.8577600-04:00
117,hon,Honduras,,HON,,101,,False,,,,,False,2014-10-17T00:54:09.8620640-04:00,2014-10-17T00:54:09.8620640-04:00
118,crc,Costa Rica,,CRC,,100,,False,,,,,False,2014-10-17T00:54:09.8641850-04:00,2014-10-17T00:54:09.8641850-04:00
119,slv,El Salvador,,SLV,,102,,False,,,,,False,2014-10-17T00:54:09.8661380-04:00,2014-10-17T00:54:09.8661380-04:00
120,pan,Panama,,PAN,,104,,False,,,,,False,2014-10-17T00:54:09.8682990-04:00,2014-10-17T00:54:09.8682990-04:00
121,gua,Guatemala,,GUA,,99,,False,,,,,False,2014-10-17T00:54:09.8705290-04:00,2014-10-17T00:54:09.8705290-04:00
122,blz,Belize,,BLZ,,98,,False,,,,,False,2014-10-17T00:54:09.8726790-04:00,2014-10-17T00:54:09.8726790-04:00
123,nca,Nicaragua,,NCA,,103,,False,,,,,False,2014-10-17T00:54:09.8748320-04:00,2014-10-17T00:54:09.8748320-04:00
124,aut,Austria,,AUT,,106,,False,,,,,False,2014-10-17T00:54:09.8787840-04:00,2014-10-17T00:54:09.8787840-04:00
125,bel,Belgium,,BEL,,107,,False,,,,,False,2014-10-17T00:54:09.8809070-04:00,2014-10-17T00:54:09.8809070-04:00
126,cyp,Cyprus,,CYP,,108,,False,,,,,False,2014-10-17T00:54:09.8830990-04:00,2014-10-17T00:54:09.8830990-04:00
127,ger,Germany,,GER,,109,,False,,,,,False,2014-10-17T00:54:09.8887640-04:00,2014-10-17T00:54:09.8887640-04:00
128,est,Estonia,,EST,,110,,False,,,,,False,2014-10-17T00:54:09.8948120-04:00,2014-10-17T00:54:09.8948120-04:00
129,esp,Spain,,ESP,,111,,False,,,,,False,2014-10-17T00:54:09.8979870-04:00,2014-10-17T00:54:09.8979870-04:00
130,fin,Finland,,FIN,,112,,False,,,,,False,2014-10-17T00:54:09.9004640-04:00,2014-10-17T00:54:09.9004640-04:00
131,fra,France,,FRA,,113,,False,,,,,False,2014-10-17T00:54:09.9026160-04:00,2014-10-17T00:54:09.9026160-04:00
132,gre,Greece,,GRE,,114,,False,,,,,False,2014-10-17T00:54:09.9050080-04:00,2014-10-17T00:54:09.9050080-04:00
133,irl,Ireland,,IRL,,115,,False,,,,,False,2014-10-17T00:54:09.9074520-04:00,2014-10-17T00:54:09.9074520-04:00
134,ita,Italy,,ITA,,116,,False,,,,,False,2014-10-17T00:54:09.9096970-04:00,2014-10-17T00:54:09.9096970-04:00
135,lux,Luxembourg,,LUX,,117,,False,,,,,False,2014-10-17T00:54:09.9117170-04:00,2014-10-17T00:54:09.9117170-04:00
136,mlt,Malta,,MLT,,118,,False,,,,,False,2014-10-17T00:54:09.9136990-04:00,2014-10-17T00:54:09.9136990-04:00
137,ned,Netherlands,,NED,,119,,False,,,,,False,2014-10-17T00:54:09.9158170-04:00,2014-10-17T00:54:09.9158170-04:00
138,por,Portugal,,POR,,120,,False,,,,,False,2014-10-17T00:54:09.9179560-04:00,2014-10-17T00:54:09.9179560-04:00
139,svk,Slovakia,,SVK,,121,,False,,,,,False,2014-10-17T00:54:09.9211650-04:00,2014-10-17T00:54:09.9211650-04:00
140,svn,Slovenia,,SVN,,122,,False,,,,,False,2014-10-17T00:54:09.9237470-04:00,2014-10-17T00:54:09.9237470-04:00
141,bul,Bulgaria,,BUL,,123,,False,,,,,False,2014-10-17T00:54:09.9257900-04:00,2014-10-17T00:54:09.9257900-04:00
142,den,Denmark,,DEN,,124,,False,,,,,False,2014-10-17T00:54:09.9276810-04:00,2014-10-17T00:54:09.9276810-04:00
143,lva,Latvija,,LVA,Latvia,125,,False,,,,,False,2014-10-17T00:54:09.9295350-04:00,2014-10-17T00:54:09.9295350-04:00
144,ltu,Lithuania,,LTU,,126,,False,,,,,False,2014-10-17T00:54:09.9316580-04:00,2014-10-17T00:54:09.9316580-04:00
145,pol,Poland,,POL,,127,,False,,,,,False,2014-10-17T00:54:09.9336870-04:00,2014-10-17T00:54:09.9336870-04:00
146,rou,Romania,,ROU,,128,,False,,,,,False,2014-10-17T00:54:09.9358140-04:00,2014-10-17T00:54:09.9358140-04:00
147,swe,Sweden,,SWE,,129,,False,,,,,False,2014-10-17T00:54:09.9379920-04:00,2014-10-17T00:54:09.9379920-04:00
148,cze,Czech Republic,,CZE,,130,,False,,,,,False,2014-10-17T00:54:09.9402300-04:00,2014-10-17T00:54:09.9402300-04:00
149,hun,Hungary,,HUN,,131,,False,,,,,False,2014-10-17T00:54:09.9423520-04:00,2014-10-17T00:54:09.9423520-04:00
150,and,Andorra,,AND,,133,,False,,,,,False,2014-10-17T00:54:09.9444540-04:00,2014-10-17T00:54:09.9444540-04:00
151,alb,Albania,,ALB,,134,,False,,,,,False,2014-10-17T00:54:09.9464100-04:00,2014-10-17T00:54:09.9464100-04:00
152,blr,Belarus,,BLR,,135,,False,,,,,False,2014-10-17T00:54:09.9485140-04:00,2014-10-17T00:54:09.9485140-04:00
153,sui,Switzerland,,SUI,,136,,False,,,,,False,2014-10-17T00:54:09.9506910-04:00,2014-10-17T00:54:09.9506910-04:00
154,cro,Croatia,,CRO,,137,,False,,,,,False,2014-10-17T00:54:09.9531870-04:00,2014-10-17T00:54:09.9531870-04:00
155,srb,Serbia,,SRB,,138,,False,,,,,False,2014-10-17T00:54:09.9554330-04:00,2014-10-17T00:54:09.9554330-04:00
156,rus,Russia,,RUS,,139,,False,,,,,False,2014-10-17T00:54:09.9602840-04:00,2014-10-17T00:54:09.9602840-04:00
157,tur,Turkey,,TUR,,140,,False,,,,,False,2014-10-17T00:54:09.9623890-04:00,2014-10-17T00:54:09.9623890-04:00
158,ukr,Ukraine,,UKR,,141,,False,,,,,False,2014-10-17T00:54:09.9645430-04:00,2014-10-17T00:54:09.9645430-04:00
159,mkd,Macedonia,,MKD,,142,,False,,,,,False,2014-10-17T00:54:09.9666410-04:00,2014-10-17T00:54:09.9666410-04:00
160,nor,Norway,,NOR,,143,,False,,,,,False,2014-10-17T00:54:09.9687550-04:00,2014-10-17T00:54:09.9687550-04:00
161,isl,Iceland,,ISL,,144,,False,,,,,False,2014-10-17T00:54:09.9708710-04:00,2014-10-17T00:54:09.9708710-04:00
162,bih,Bosnia-Herzegovina,,BIH,Bosnia and Herzegovina|Bosnia|Bosnia-Herz.,146,,False,,,,,False,2014-10-17T00:54:09.9729590-04:00,2014-10-17T00:54:09.9729590-04:00
163,lie,Liechtenstein,,LIE,,147,,False,,,,,False,2014-10-17T00:54:09.9750540-04:00,2014-10-17T00:54:09.9750540-04:00
164,mne,Montenegro,,MNE,,149,,False,,,,,False,2014-10-17T00:54:09.9771400-04:00,2014-10-17T00:54:09.9771400-04:00
165,mda,Moldova,,MDA,,150,,False,,,,,False,2014-10-17T00:54:09.9792440-04:00,2014-10-17T00:54:09.9792440-04:00
166,smr,San Marino,,SMR,,151,,False,,,,,False,2014-10-17T00:54:09.9813600-04:00,2014-10-17T00:54:09.9813600-04:00
167,geo,Georgia,,GEO,,152,,False,,,,,False,2014-10-17T00:54:09.9834670-04:00,2014-10-17T00:54:09.9834670-04:00
168,arm,Armenia,,ARM,,153,,False,,,,,False,2014-10-17T00:54:09.9854520-04:00,2014-10-17T00:54:09.9854520-04:00
169,aze,Azerbaijan,,AZE,,154,,False,,,,,False,2014-10-17T00:54:09.9875600-04:00,2014-10-17T00:54:09.9875600-04:00
170,eng,England,,ENG,,219,,False,,,,,False,2014-10-17T00:54:09.9896600-04:00,2014-10-17T00:54:09.9896600-04:00
171,sco,Scotland,,SCO,,220,,False,,,,,False,2014-10-17T00:54:09.9917910-04:00,2014-10-17T00:54:09.9917910-04:00
172,wal,Wales,,WAL,,221,,False,,,,,False,2014-10-17T00:54:09.9939110-04:00,2014-10-17T00:54:09.9939110-04:00
173,nir,Northern Ireland,,NIR,N. Ireland,222,,False,,,,,False,2014-10-17T00:54:09.9959320-04:00,2014-10-17T00:54:09.9959320-04:00
174,fro,Faroe Islands,,FRO,,227,,False,,,,,False,2014-10-17T00:54:09.9979180-04:00,2014-10-17T00:54:09.9979180-04:00
175,gib,Gibraltar,,GIB,,223,,False,,,,,False,2014-10-17T00:54:09.9999810-04:00,2014-10-17T00:54:09.9999810-04:00
176,isr,Israel,,ISR,,163,,False,,,,,False,2014-10-17T00:54:10.0042100-04:00,2014-10-17T00:54:10.0042100-04:00
177,bhr,Bahrain,,BHR,,155,,False,,,,,False,2014-10-17T00:54:10.0062070-04:00,2014-10-17T00:54:10.0062070-04:00
178,irn,Iran,,IRN,,168,,False,,,,,False,2014-10-17T00:54:10.0082290-04:00,2014-10-17T00:54:10.0082290-04:00
179,irq,Iraq,,IRQ,,162,,False,,,,,False,2014-10-17T00:54:10.0103330-04:00,2014-10-17T00:54:10.0103330-04:00
180,jor,Jordan,,JOR,,164,,False,,,,,False,2014-10-17T00:54:10.0124470-04:00,2014-10-17T00:54:10.0124470-04:00
181,kuw,Kuwait,,KUW,,156,,False,,,,,False,2014-10-17T00:54:10.0144310-04:00,2014-10-17T00:54:10.0144310-04:00
182,lib,Lebanon,,LIB,,165,,False,,,,,False,2014-10-17T00:54:10.0164940-04:00,2014-10-17T00:54:10.0164940-04:00
183,oma,Oman,,OMA,,157,,False,,,,,False,2014-10-17T00:54:10.0185810-04:00,2014-10-17T00:54:10.0185810-04:00
184,ple,Palestine,,PLE,,166,,False,,,,,False,2014-10-17T00:54:10.0207240-04:00,2014-10-17T00:54:10.0207240-04:00
185,qat,Qatar,,QAT,,158,,False,,,,,False,2014-10-17T00:54:10.0228610-04:00,2014-10-17T00:54:10.0228610-04:00
186,ksa,Saudi Arabia,,KSA,,159,,False,,,,,False,2014-10-17T00:54:10.0249780-04:00,2014-10-17T00:54:10.0249780-04:00
187,syr,Syria,,SYR,,167,,False,,,,,False,2014-10-17T00:54:10.0268300-04:00,2014-10-17T00:54:10.0268300-04:00
188,uae,United Arab Emirates,,UAE,UA Emirates,160,,False,,,,,False,2014-10-17T00:54:10.0288620-04:00,2014-10-17T00:54:10.0288620-04:00
189,yem,Yemen,,YEM,,161,,False,,,,,False,2014-10-17T00:54:10.0309750-04:00,2014-10-17T00:54:10.0309750-04:00
190,mex,Mexico,,MEX,,171,,False,,,,,False,2014-10-17T00:54:10.0351380-04:00,2014-10-17T00:54:10.0351380-04:00
191,usa,United States,,USA,,170,,False,,,,,False,2014-10-17T00:54:10.0375530-04:00,2014-10-17T00:54:10.0375530-04:00
192,can,Canada,,CAN,,169,,False,,,,,False,2014-10-17T00:54:10.0402720-04:00,2014-10-17T00:54:10.0402720-04:00
193,aus,Australia,,AUS,,172,,False,,,,,False,2014-10-17T00:54:10.0443710-04:00,2014-10-17T00:54:10.0443710-04:00
194,gum,Guam,,GUM,,235,,False,,,,,False,2014-10-17T00:54:10.0464860-04:00,2014-10-17T00:54:10.0464860-04:00
195,mnp,Northern Mariana Islands,,MNP,,236,,False,,,,,False,2014-10-17T00:54:10.0485360-04:00,2014-10-17T00:54:10.0485360-04:00
196,asm,American Samoa,,ASM,Am. Samoa,234,,False,,,,,False,2014-10-17T00:54:10.0505580-04:00,2014-10-17T00:54:10.0505580-04:00
197,cok,Cook Islands,,COK,,237,,False,,,,,False,2014-10-17T00:54:10.0528780-04:00,2014-10-17T00:54:10.0528780-04:00
198,fij,Fiji,,FIJ,,174,,False,,,,,False,2014-10-17T00:54:10.0559220-04:00,2014-10-17T00:54:10.0559220-04:00
199,ncl,New Caledonia,,NCL,,232,,False,,,,,False,2014-10-17T00:54:10.0582980-04:00,2014-10-17T00:54:10.0582980-04:00
200,nzl,New Zealand,,NZL,,182,,False,,,,,False,2014-10-17T00:54:10.0603210-04:00,2014-10-17T00:54:10.0603210-04:00
201,png,Papua New Guinea,,PNG,Papua N.G.,173,,False,,,,,False,2014-10-17T00:54:10.0623820-04:00,2014-10-17T00:54:10.0623820-04:00
202,sam,Samoa,,SAM,,183,,False,,,,,False,2014-10-17T00:54:10.0644530-04:00,2014-10-17T00:54:10.0644530-04:00
203,sol,Solomon Islands,,SOL,Solomon Isl.,175,,False,,,,,False,2014-10-17T00:54:10.0674850-04:00,2014-10-17T00:54:10.0674850-04:00
204,tah,Tahiti,,TAH,,231,,False,,,,,False,2014-10-17T00:54:10.0706650-04:00,2014-10-17T00:54:10.0706650-04:00
205,tga,Tonga,,TGA,,184,,False,,,,,False,2014-10-17T00:54:10.0734320-04:00,2014-10-17T00:54:10.0734320-04:00
206,van,Vanuatu,,VAN,,176,,False,,,,,False,2014-10-17T00:54:10.0761940-04:00,2014-10-17T00:54:10.0761940-04:00
207,kir,Kiribati,,KIR,,181,,False,,,,,False,2014-10-17T00:54:10.0816000-04:00,2014-10-17T00:54:10.0816000-04:00
208,niu,Niue,,NIU,,238,,False,,,,,False,2014-10-17T00:54:10.0839850-04:00,2014-10-17T00:54:10.0839850-04:00
209,tuv,Tuvalu,,TUV,,185,,False,,,,,False,2014-10-17T00:54:10.0861660-04:00,2014-10-17T00:54:10.0861660-04:00
210,arg,Argentina,,ARG,,186,,False,,,,,False,2014-10-17T00:54:10.0902060-04:00,2014-10-17T00:54:10.0902060-04:00
211,bra,Brazil,,BRA,,188,,False,,,,,False,2014-10-17T00:54:10.0922080-04:00,2014-10-17T00:54:10.0922080-04:00
212,chi,Chile,,CHI,,189,,False,,,,,False,2014-10-17T00:54:10.0941920-04:00,2014-10-17T00:54:10.0941920-04:00
213,par,Paraguay,,PAR,,193,,False,,,,,False,2014-10-17T00:54:10.0961630-04:00,2014-10-17T00:54:10.0961630-04:00
214,uru,Uruguay,,URU,,194,,False,,,,,False,2014-10-17T00:54:10.0982880-04:00,2014-10-17T00:54:10.0982880-04:00
215,col,Colombia,,COL,,190,,False,,,,,False,2014-10-17T00:54:10.1004900-04:00,2014-10-17T00:54:10.1004900-04:00
216,ecu,Ecuador,,ECU,,191,,False,,,,,False,2014-10-17T00:54:10.1035790-04:00,2014-10-17T00:54:10.1035790-04:00
217,per,Peru,,PER,,192,,False,,,,,False,2014-10-17T00:54:10.1065740-04:00,2014-10-17T00:54:10.1065740-04:00
218,ven,Venezuela,,VEN,,195,,False,,,,,False,2014-10-17T00:54:10.1090530-04:00,2014-10-17T00:54:10.1090530-04:00
219,bol,Bolivia,,BOL,,187,,False,,,,,False,2014-10-17T00:54:10.1110390-04:00,2014-10-17T00:54:10.1110390-04:00
220,guy,Guyana,,GUY,,196,,False,,,,,False,2014-10-17T00:54:10.1130670-04:00,2014-10-17T00:54:10.1130670-04:00
221,sur,Suriname,,SUR,,197,,False,,,,,False,2014-10-17T00:54:10.1150970-04:00,2014-10-17T00:54:10.1150970-04:00
222,gyf,French Guiana,,GYF,,242,,False,,,,,False,2014-10-17T00:54:10.1173240-04:00,2014-10-17T00:54:10.1173240-04:00
223,austria,FK Austria Wien,,AUS,Austria Wien,106,,False,1911,Fischhofgasse 12 // 1100 Wien,www.fk-austria.at,,False,2014-10-17T00:54:28.2140880-04:00,2014-10-17T00:54:28.2140880-04:00
224,austriaii,FK Austria Wien II,,,Austria Wien Amat.|Austria Wien A.|Ausstria Wien Amateure,106,,False,,,,,False,2014-10-17T00:54:28.2161020-04:00,2014-10-17T00:54:28.2161020-04:00
225,rapid,SK Rapid Wien,,RAP,Rapid Wien,106,,False,1899,Keisslergasse 3 // 1140 Wien,www.skrapid.at,,False,2014-10-17T00:54:28.2182460-04:00,2014-10-17T00:54:28.2182460-04:00
226,rapidii,SK Rapid Wien II,,,SK Rapid Amateure,106,,False,,,,,False,2014-10-17T00:54:28.2202490-04:00,2014-10-17T00:54:28.2202490-04:00
227,admira,FC Admira Wacker,,ADM,Admira Wacker|FC Admira Wacker Mödling,106,,False,1905,Johann Steinböck Strasse 5b // 2344 Maria Enzersdorf,www.admirawacker.at,,False,2014-10-17T00:54:28.2225870-04:00,2014-10-17T00:54:28.2225870-04:00
228,admiraii,FC Admira Wacker II,,,Admira Juniors,106,,False,,,,,False,2014-10-17T00:54:28.2246070-04:00,2014-10-17T00:54:28.2246070-04:00
229,wrneustadt,SC Wiener Neustadt,,WRN,Wiener Neustadt|Wr. Neustadt,106,,False,1908,Giltschwertgasse 81 // 2700 Wiener Neustadt,www.scwn.at,,False,2014-10-17T00:54:28.2266250-04:00,2014-10-17T00:54:28.2266250-04:00
230,salzburg,FC RB Salzburg,,RBS,RB Salzburg|Red Bull Salzburg,106,,False,1933,Stadionstraße 2/3 // 5071 Wals-Siezenheim,www.redbulls.com/soccer/salzburg,,False,2014-10-17T00:54:28.2286530-04:00,2014-10-17T00:54:28.2286530-04:00
231,salzburgii,FC RB Juniors Salzburg,,,FC Red Bull Salzburg II|RB Salzburg II,106,,False,,,,,False,2014-10-17T00:54:28.2358640-04:00,2014-10-17T00:54:28.2358640-04:00
232,groedig,SV Grödig,,SVG,,106,,False,1948,Prötschhofstrasse 26 // 5082 Grödig,www.sv-groedig.at,,False,2014-10-17T00:54:28.2381830-04:00,2014-10-17T00:54:28.2381830-04:00
233,sturm,SK Sturm Graz,,STU,Sturm Graz,106,,False,1909,Sternäckerweg 118 // 8042 Graz,www.sksturm.at,,False,2014-10-17T00:54:28.2402900-04:00,2014-10-17T00:54:28.2402900-04:00
234,wac,Wolfsberger AC,,WAC,RZ Pellets WAC|Wolfsberger Athletik Club,106,,False,1931,Don Bosco Weg 1 // 9400 Wolfsberg,www.rzpelletswac.at,,False,2014-10-17T00:54:28.2426520-04:00,2014-10-17T00:54:28.2426520-04:00
235,ried,SV Ried,,RIE,SV Josko Ried|SV Josko Fenster Ried,106,,False,1912,Volksfestplatz 2 // 4910 Ried im Innkreis,www.svried.at,,False,2014-10-17T00:54:28.2449210-04:00,2014-10-17T00:54:28.2449210-04:00
236,altach,SCR Altach,,ALT,SC Rheindorf Altach|Sportclub Rheindorf Altach,106,,False,1929,Schnabelholz 1 // 6844 Altach,www.scra.at,,False,2014-10-17T00:54:28.2469250-04:00,2014-10-17T00:54:28.2469250-04:00
237,innsbruck,FC Wacker Innsbruck,,FCW,FC Wacker|Wacker Innsbruck,106,,False,1913,Stadionstraße 1b // 6020 Innsbruck,www.fc-wacker-innsbruck.at,,False,2014-10-17T00:54:28.2529500-04:00,2014-10-17T00:54:28.2529500-04:00
238,mattersburg,SV Mattersburg,,MAT,Sportvereinigung Mattersburg,106,,False,1922,Michael Koch Straße 50 // 7210 Mattersburg,www.svm.at,,False,2014-10-17T00:54:28.2567650-04:00,2014-10-17T00:54:28.2567650-04:00
239,mattersburgii,SV Mattersburg II,,,SV Mattersburg Amateure,106,,False,,,,,False,2014-10-17T00:54:28.2600000-04:00,2014-10-17T00:54:28.2600000-04:00
240,alustenau,SC Austria Lustenau,,ALU,Austria Lustenau|A. Lustenau,106,,False,1914,// Lustenau,www.austria-lustenau.at,,False,2014-10-17T00:54:28.2636200-04:00,2014-10-17T00:54:28.2636200-04:00
241,stpoelten,SKN St. Pölten,,SKN,Sportklub Niederösterreich St. Pölten,106,,False,2000,// St. Pölten,www.skn-stpoelten.at,,False,2014-10-17T00:54:28.2673100-04:00,2014-10-17T00:54:28.2673100-04:00
242,stpoeltenii,SKN St.Pölten Juniors,,,,106,,False,,,,,False,2014-10-17T00:54:28.2691630-04:00,2014-10-17T00:54:28.2691630-04:00
243,horn,SV Horn,,SVH,,106,,False,1922,// Horn,www.svhorn.at,,False,2014-10-17T00:54:28.2725030-04:00,2014-10-17T00:54:28.2725030-04:00
244,ksv,Kapfenberger SV,,KSV,Kapfenberger SV 1919|KSV 1919,106,,False,,// Kapfenberg,www.ksv1919.at,,False,2014-10-17T00:54:28.2760440-04:00,2014-10-17T00:54:28.2760440-04:00
245,hartberg,TSV Hartberg,,HTB,Turn- und Sportverein Hartberg,106,,False,1946,// Hartberg,www.tsv-hartberg-fussball.at,,False,2014-10-17T00:54:28.2797520-04:00,2014-10-17T00:54:28.2797520-04:00
246,liefering,FC Liefering,,FCL,,106,,False,1947,// Salzburg,,,False,2014-10-17T00:54:28.2834600-04:00,2014-10-17T00:54:28.2834600-04:00
247,fac,Floridsdorfer AC,,FAC,FAC Team für Wien,106,,False,1904,// Wien,www.fac.at,,False,2014-10-17T00:54:28.2869950-04:00,2014-10-17T00:54:28.2869950-04:00
248,lask,LASK Linz,,ASK,,106,,False,1899,// Linz,www.lask.at,,False,2014-10-17T00:54:28.2943990-04:00,2014-10-17T00:54:28.2943990-04:00
249,parndorf,SC/ESV Parndorf 1919,,PAR,SC-ESV Parndorf 1919|SC/ESV Parndorf,106,,False,,// Parndorf,,,False,2014-10-17T00:54:28.2986830-04:00,2014-10-17T00:54:28.2986830-04:00
250,oberwart,SV Oberwart,,OBE,,106,,False,,,,,False,2014-10-17T00:54:28.3023870-04:00,2014-10-17T00:54:28.3023870-04:00
251,stegersbach,SV Stegersbach,,STE,,106,,False,,,,,False,2014-10-17T00:54:28.3073800-04:00,2014-10-17T00:54:28.3073800-04:00
252,pinkafeld,SC Pinkafeld,,,,106,,False,,,,,False,2014-10-17T00:54:28.3097130-04:00,2014-10-17T00:54:28.3097130-04:00
253,drassburg,ASV Draßburg,,,,106,,False,,,,,False,2014-10-17T00:54:28.3119970-04:00,2014-10-17T00:54:28.3119970-04:00
254,wimpassing,SV Wimpassing,,,,106,,False,,,,,False,2014-10-17T00:54:28.3137480-04:00,2014-10-17T00:54:28.3137480-04:00
255,neusiedl,SC Neusiedl am See 1919,,,Neusiedl am See,106,,False,,,,,False,2014-10-17T00:54:28.3153200-04:00,2014-10-17T00:54:28.3153200-04:00
256,ritzing,SC Ritzing,,,,106,,False,,,www.sc-ritzing.at,,False,2014-10-17T00:54:28.3171750-04:00,2014-10-17T00:54:28.3171750-04:00
257,vsv,Villacher SV,,VSV,,106,,False,,,,,False,2014-10-17T00:54:28.3226060-04:00,2014-10-17T00:54:28.3226060-04:00
258,klagenfurt,SAK Klagenfurt,,CEL,SAK Celovec/Klagenfurt,106,,False,,,,,False,2014-10-17T00:54:28.3256850-04:00,2014-10-17T00:54:28.3256850-04:00
259,aklagenfurt,SK Austria Klagenfurt,,KLA,SG Austria Klagenfurt|Austria Klagenfurt|A. Klagenfurt,106,,False,,,,,False,2014-10-17T00:54:28.3289130-04:00,2014-10-17T00:54:28.3289130-04:00
260,spittal,SV Spittal/Drau,,SPI,,106,,False,,,,,False,2014-10-17T00:54:28.3321750-04:00,2014-10-17T00:54:28.3321750-04:00
261,stveit,FC St. Veit,,,,106,,False,,,,,False,2014-10-17T00:54:28.3338950-04:00,2014-10-17T00:54:28.3338950-04:00
262,wolfsberg,ATSV Wolfsberg,,,,106,,False,,,www.atsvwolfsberg.at,,False,2014-10-17T00:54:28.3355880-04:00,2014-10-17T00:54:28.3355880-04:00
263,lendorf,FC Lendorf,,,,106,,False,,,,,False,2014-10-17T00:54:28.3374200-04:00,2014-10-17T00:54:28.3374200-04:00
264,sollenau,1. SC Sollenau,,SOL,SC Sollenau,106,,False,,,www.sc-sollenau.at,,False,2014-10-17T00:54:28.3478100-04:00,2014-10-17T00:54:28.3478100-04:00
265,amstetten,SKU Amstetten,,AMS,,106,,False,,,,,False,2014-10-17T00:54:28.3511430-04:00,2014-10-17T00:54:28.3511430-04:00
266,retz,SC Retz,,RET,,106,,False,,,www.sc-retz.at,,False,2014-10-17T00:54:28.3543260-04:00,2014-10-17T00:54:28.3543260-04:00
267,obergrafendorf,ATSV Ober-Grafendorf,,,Ober-Grafendorf,106,,False,,,,,False,2014-10-17T00:54:28.3574540-04:00,2014-10-17T00:54:28.3574540-04:00
268,badvoeslau,ASK Bad Vöslau,,VOE,,106,,False,,,,,False,2014-10-17T00:54:28.3605310-04:00,2014-10-17T00:54:28.3605310-04:00
269,gaflenz,SV Gaflenz,,GAF,,106,,False,,,,,False,2014-10-17T00:54:28.3637250-04:00,2014-10-17T00:54:28.3637250-04:00
270,ardagger,Ardagger SCU,,ARD,SCU Ardagger,106,,False,,,,,False,2014-10-17T00:54:28.3670150-04:00,2014-10-17T00:54:28.3670150-04:00
271,rohrendorf,SC Rohrendorf,,ROH,,106,,False,,,,,False,2014-10-17T00:54:28.3701360-04:00,2014-10-17T00:54:28.3701360-04:00
272,heiligenkreuz,SV Heiligenkreuz,,HEI,,106,,False,,,,,False,2014-10-17T00:54:28.3743830-04:00,2014-10-17T00:54:28.3743830-04:00
273,mannsdorf,SC Mannsdorf,,,,106,,False,,,,,False,2014-10-17T00:54:28.3768330-04:00,2014-10-17T00:54:28.3768330-04:00
274,leopoldsdorf,SC Leopoldsdorf,,,,106,,False,,,,,False,2014-10-17T00:54:28.3787350-04:00,2014-10-17T00:54:28.3787350-04:00
275,leobendorf,SV Leobendorf,,,,106,,False,,,,,False,2014-10-17T00:54:28.3804990-04:00,2014-10-17T00:54:28.3804990-04:00
276,kottingsbrunn,ASK Kottingsbrunn,,,,106,,False,,,,,False,2014-10-17T00:54:28.3821790-04:00,2014-10-17T00:54:28.3821790-04:00
277,spratzern,ASV Spratzern,,,,106,,False,,,,,False,2014-10-17T00:54:28.3839300-04:00,2014-10-17T00:54:28.3839300-04:00
278,hornii,Horn Amateure,,,,106,,False,,,,,False,2014-10-17T00:54:28.3856260-04:00,2014-10-17T00:54:28.3856260-04:00
279,guntersdorf,SC Guntersdorf,,,Guntersdorf,106,,False,,,,,False,2014-10-17T00:54:28.3877260-04:00,2014-10-17T00:54:28.3877260-04:00
280,echsenbach,SC Echsenbach,,,Echsenbach,106,,False,,,,,False,2014-10-17T00:54:28.3896930-04:00,2014-10-17T00:54:28.3896930-04:00
281,stmartin,SC St. Martin,,,St. Martin,106,,False,,,,,False,2014-10-17T00:54:28.3914470-04:00,2014-10-17T00:54:28.3914470-04:00
282,weissenkirchen,SC Weißenkirchen,,,Weißenkirchen,106,,False,,,,,False,2014-10-17T00:54:28.3933410-04:00,2014-10-17T00:54:28.3933410-04:00
283,rehberg,SV Rehberg,,,Rehberg,106,,False,,,,,False,2014-10-17T00:54:28.3951790-04:00,2014-10-17T00:54:28.3951790-04:00
284,sieghartskirchen,SV Sieghartskirchen,,,Sieghartskirchen,106,,False,,,,,False,2014-10-17T00:54:28.3969930-04:00,2014-10-17T00:54:28.3969930-04:00
285,zwentendorf,SV Zwentendorf,,,Zwentendorf,106,,False,,,,,False,2014-10-17T00:54:28.3988780-04:00,2014-10-17T00:54:28.3988780-04:00
286,altenwoerth,USC Altenwörth,,,Altenwörth,106,,False,,,,,False,2014-10-17T00:54:28.4007310-04:00,2014-10-17T00:54:28.4007310-04:00
287,grafenwoerth,Grafenwoerth,,,,106,,False,,,,,False,2014-10-17T00:54:28.4040820-04:00,2014-10-17T00:54:28.4040820-04:00
288,kirchbergw,USC Kirchberg/W.,,,Kirchberg/W.,106,,False,,,,,False,2014-10-17T00:54:28.4059720-04:00,2014-10-17T00:54:28.4059720-04:00
289,schweiggers,USC Schweiggers,,,Schweiggers,106,,False,,,,,False,2014-10-17T00:54:28.4080980-04:00,2014-10-17T00:54:28.4080980-04:00
290,grossgerungs,USV Groß Gerungs,,,Groß Gerungs,106,,False,,,,,False,2014-10-17T00:54:28.4100190-04:00,2014-10-17T00:54:28.4100190-04:00
291,langenlois,USV Langenlois,,,Langenlois,106,,False,,,,,False,2014-10-17T00:54:28.4117680-04:00,2014-10-17T00:54:28.4117680-04:00
292,linz,FC Blau-Weiß Linz,,BWL,BW Linz,106,,False,,// Linz,,,False,2014-10-17T00:54:28.4174270-04:00,2014-10-17T00:54:28.4174270-04:00
293,pasching,FC Pasching,,PAS,Pasching,106,,False,,,,,False,2014-10-17T00:54:28.4205590-04:00,2014-10-17T00:54:28.4205590-04:00
294,voecklamarkt,Union Vöcklamarkt,,VOE,Vöcklamarkt,106,,False,,,,,False,2014-10-17T00:54:28.4248260-04:00,2014-10-17T00:54:28.4248260-04:00
295,stflorian,Union St. Florian,,STF,St. Florian,106,,False,,,,,False,2014-10-17T00:54:28.4290690-04:00,2014-10-17T00:54:28.4290690-04:00
296,wallern,SV Wallern,,WAL,Wallern,106,,False,,,,,False,2014-10-17T00:54:28.4324850-04:00,2014-10-17T00:54:28.4324850-04:00
297,micheldorf,SV Micheldorf,,MIC,SV Grün-Weiß Micheldorf,106,,False,,,,,False,2014-10-17T00:54:28.4362030-04:00,2014-10-17T00:54:28.4362030-04:00
298,steyr,SK Vorwärts Steyr,,,Vorwärts Steyr,106,,False,,,,,False,2014-10-17T00:54:28.4379570-04:00,2014-10-17T00:54:28.4379570-04:00
299,gurten,Union Gurten,,,Gurten,106,,False,,,www.union-gurten.at,,False,2014-10-17T00:54:28.4397030-04:00,2014-10-17T00:54:28.4397030-04:00
300,asalzburg,SV Austria Salzburg,,AUS,Austria Salzburg|A. Salzburg,106,,False,,,,,False,2014-10-17T00:54:28.4453020-04:00,2014-10-17T00:54:28.4453020-04:00
301,stjohann,TSV St. Johann,,STJ,TSV St. Johann Pongau,106,,False,,,,,False,2014-10-17T00:54:28.4487130-04:00,2014-10-17T00:54:28.4487130-04:00
302,neumarkt,TSV Neumarkt am Wallersee,,,TSV Neumarkt,106,,False,,,,,False,2014-10-17T00:54:28.4548050-04:00,2014-10-17T00:54:28.4548050-04:00
303,seekirchen,SV Seekirchen 1945,,,SV Seekirchen,106,,False,,,,,False,2014-10-17T00:54:28.4583290-04:00,2014-10-17T00:54:28.4583290-04:00
304,walsgruenau,SV Wals-Grünau,,,,106,,False,,,,,False,2014-10-17T00:54:28.4615020-04:00,2014-10-17T00:54:28.4615020-04:00
305,pinzgau,FC Pinzgau Saalfelden,,PIN,,106,,False,,,,,False,2014-10-17T00:54:28.4633020-04:00,2014-10-17T00:54:28.4633020-04:00
306,sak,SAK 1914,,SAK,Salzburger AK 1914,106,,False,,,,,False,2014-10-17T00:54:28.4662590-04:00,2014-10-17T00:54:28.4662590-04:00
307,eugendorf,USC Eugendorf,,,,106,,False,,,,,False,2014-10-17T00:54:28.4680200-04:00,2014-10-17T00:54:28.4680200-04:00
308,kalsdorf,SC Kalsdorf,,KAL,,106,,False,,,,,False,2014-10-17T00:54:28.4759630-04:00,2014-10-17T00:54:28.4759630-04:00
309,gratkorn,FC Gratkorn,,GRA,,106,,False,,,,,False,2014-10-17T00:54:28.4801410-04:00,2014-10-17T00:54:28.4801410-04:00
310,allerheiligen,SV Allerheiligen,,ALL,Allerheiligen,106,,False,,,,,False,2014-10-17T00:54:28.4833730-04:00,2014-10-17T00:54:28.4833730-04:00
311,gak,Grazer AK,,GAK,,106,,False,,,,,False,2014-10-17T00:54:28.4852130-04:00,2014-10-17T00:54:28.4852130-04:00
312,leoben,DSV Leoben,,LEO,,106,,False,,,,,False,2014-10-17T00:54:28.4870390-04:00,2014-10-17T00:54:28.4870390-04:00
313,dsc,Deutschlandsberger SC,,DSC,,106,,False,,,,,False,2014-10-17T00:54:28.4901880-04:00,2014-10-17T00:54:28.4901880-04:00
314,lankowitz,FC Lankowitz,,,,106,,False,,,,,False,2014-10-17T00:54:28.4920080-04:00,2014-10-17T00:54:28.4920080-04:00
315,lafnitz,SV Lafnitz,,,,106,,False,,,,,False,2014-10-17T00:54:28.4938510-04:00,2014-10-17T00:54:28.4938510-04:00
316,gleisdorf,FC Gleisdorf 09,,,FC Gleisdorf,106,,False,,,,,False,2014-10-17T00:54:28.4954890-04:00,2014-10-17T00:54:28.4954890-04:00
317,weiz,SC Weiz,,,,106,,False,,,,,False,2014-10-17T00:54:28.4973560-04:00,2014-10-17T00:54:28.4973560-04:00
318,kufstein,FC Kufstein,,KUF,Kufstein,106,,False,,,,,False,2014-10-17T00:54:28.5028380-04:00,2014-10-17T00:54:28.5028380-04:00
319,wattens,WSG Wattens,,WAT,Wattens,106,,False,,,,,False,2014-10-17T00:54:28.5102190-04:00,2014-10-17T00:54:28.5102190-04:00
320,schwaz,SC Schwaz,,SCH,Schwaz,106,,False,,,,,False,2014-10-17T00:54:28.5137440-04:00,2014-10-17T00:54:28.5137440-04:00
321,reutte,SV Reutte,,REU,,106,,False,,,,,False,2014-10-17T00:54:28.5167920-04:00,2014-10-17T00:54:28.5167920-04:00
322,kitzbuehel,FC Kitzbühel,,,Kitzbühel,106,,False,,,,,False,2014-10-17T00:54:28.5185970-04:00,2014-10-17T00:54:28.5185970-04:00
323,hard,FC Hard,,HAR,,106,,False,,,,,False,2014-10-17T00:54:28.5239330-04:00,2014-10-17T00:54:28.5239330-04:00
324,bregenz,SC Bregenz,,BRE,,106,,False,,,,,False,2014-10-17T00:54:28.5269340-04:00,2014-10-17T00:54:28.5269340-04:00
325,dornbirn,FC Dornbirn 1913,,DOR,FC Dornbirn,106,,False,,,,,False,2014-10-17T00:54:28.5300280-04:00,2014-10-17T00:54:28.5300280-04:00
326,wolfurt,FC Wolfurt,,WOL,,106,,False,,,,,False,2014-10-17T00:54:28.5330620-04:00,2014-10-17T00:54:28.5330620-04:00
327,dornbirnersv,Dornbirner SV,,,,106,,False,,,,,False,2014-10-17T00:54:28.5347580-04:00,2014-10-17T00:54:28.5347580-04:00
328,hoechst,FC Höchst,,,Höchst,106,,False,,,,,False,2014-10-17T00:54:28.5373380-04:00,2014-10-17T00:54:28.5373380-04:00
329,hohenems,VfB Hohenems,,,,106,,False,,,,,False,2014-10-17T00:54:28.5396400-04:00,2014-10-17T00:54:28.5396400-04:00
330,lustenau,FC Lustenau 1907,,LUS,FC Lustenau,106,1044,False,,,,,False,2014-10-17T00:54:28.5479460-04:00,2014-10-17T00:54:28.5479460-04:00
331,vienna,Vienna FC 1894,,VIE,First Vienna FC 1894,106,,False,,// Wien,,,False,2014-10-17T00:54:28.5522560-04:00,2014-10-17T00:54:28.5522560-04:00
332,wienersk,Wr. Sportklub,,WIE,Wiener SK|Wiener Sportklub,106,,False,,,www.wienersportklub.at,,False,2014-10-17T00:54:28.5562040-04:00,2014-10-17T00:54:28.5562040-04:00
333,schwechat,SV Schwechat,,SCH,,106,,False,,,,,False,2014-10-17T00:54:28.5593420-04:00,2014-10-17T00:54:28.5593420-04:00
334,viktoria,Wiener Viktoria,,VIK,SC Wiener Viktoria,106,,False,,,,,False,2014-10-17T00:54:28.5633540-04:00,2014-10-17T00:54:28.5633540-04:00
335,ostbahn,SC Ostbahn XI,,OST,,106,,False,,,,,False,2014-10-17T00:54:28.5654510-04:00,2014-10-17T00:54:28.5654510-04:00
336,wienerlinien,Team Wiener Linien,,,SC Team Wiener Linien,106,,False,,,,,False,2014-10-17T00:54:28.5673060-04:00,2014-10-17T00:54:28.5673060-04:00
337,technopooladmira,Technopool Admira,,,,106,,False,,,,,False,2014-10-17T00:54:28.5689830-04:00,2014-10-17T00:54:28.5689830-04:00
338,donaufeld,SR Donaufeld,,,Donaufeld,106,,False,,,,,False,2014-10-17T00:54:28.5707350-04:00,2014-10-17T00:54:28.5707350-04:00
339,bayern,FC Bayern München,,FCB,Bayern München,109,,False,1900,Säbener Straße 51-57 // 81547 München,www.fcbayern.de,,False,2014-10-17T00:54:35.6282670-04:00,2014-10-17T00:54:35.6282670-04:00
340,dortmund,Borussia Dortmund,,BVB,Bor. Dortmund,109,,False,1909,Rheinlanddamm 207-209 // 44137 Dortmund,www.bvb.de,,False,2014-10-17T00:54:35.6308800-04:00,2014-10-17T00:54:35.6308800-04:00
341,dortmundii,Dortmund II,,,Bor. Dortmund II,109,,False,,,,,False,2014-10-17T00:54:35.6328470-04:00,2014-10-17T00:54:35.6328470-04:00
342,leverkusen,Bayer 04 Leverkusen,,B04,Bayer Leverkusen|Bay. Leverkusen,109,,False,1904,Bismarckstr. 122 - 124 // 51373 Leverkusen,www.bayer04.de,,False,2014-10-17T00:54:35.6350010-04:00,2014-10-17T00:54:35.6350010-04:00
343,schalke,Schalke 04,,S04,FC Schalke 04,109,,False,1904,Ernst-Kuzorra-Weg 1 // 45891 Gelsenkirchen,www.schalke04.de,,False,2014-10-17T00:54:35.6369810-04:00,2014-10-17T00:54:35.6369810-04:00
344,freiburg,SC Freiburg,,SCF,,109,,False,1904,Schwarzwaldstr. 193 // 79117 Freiburg,www.scfreiburg.com,,False,2014-10-17T00:54:35.6390480-04:00,2014-10-17T00:54:35.6390480-04:00
345,frankfurt,Eintracht Frankfurt,,FFM,E. Frankfurt,109,,False,1899,Mörfelder Landstraße 362 // 60528 Frankfurt am Main,www.eintracht.de,,False,2014-10-17T00:54:35.6411860-04:00,2014-10-17T00:54:35.6411860-04:00
346,hsv,Hamburger SV,,HSV,,109,,False,1887,Sylvesterallee 7 // 22525 Hamburg,www.hsv.de,,False,2014-10-17T00:54:35.6429380-04:00,2014-10-17T00:54:35.6429380-04:00
347,mgladbach,Borussia M'gladbach,,BMG,Bor. M'gladbach|Bor. Mönchengladbach|Borussia Mönchengladbach,109,,False,1900,Hennes-Weisweiler-Allee 1 // 41179 Mönchengladbach,www.borussia.de,,False,2014-10-17T00:54:35.6449950-04:00,2014-10-17T00:54:35.6449950-04:00
348,hannover,Hannover 96,,H96,,109,,False,1896,Robert-Enke-Straße 1 // 30169 Hannover,www.hannover96.de,,False,2014-10-17T00:54:35.6470580-04:00,2014-10-17T00:54:35.6470580-04:00
349,wolfsburg,VfL Wolfsburg,,WOB,,109,,False,1945,In den Allerwiesen 1 // 38446 Wolfsburg,www.vfl-wolfsburg.de,,False,2014-10-17T00:54:35.6491160-04:00,2014-10-17T00:54:35.6491160-04:00
350,mainz,1. FSV Mainz 05,,M05,FSV Mainz 05,109,,False,1905,Isaac-Fulda-Allee 5 // 55124 Mainz,www.mainz05.de,,False,2014-10-17T00:54:35.6512410-04:00,2014-10-17T00:54:35.6512410-04:00
351,bremen,Werder Bremen,,BRE,,109,,False,1899,Franz-Böhmert-Straße 1c // 28205 Bremen,www.werder.de,,False,2014-10-17T00:54:35.6533200-04:00,2014-10-17T00:54:35.6533200-04:00
352,hoffenheim,1899 Hoffenheim,,HOF,TSG 1899 Hoffenheim,109,,False,1899,Horrenberger Straße 58 // 74939 Zuzenhausen,www.achtzehn99.de,,False,2014-10-17T00:54:35.6553820-04:00,2014-10-17T00:54:35.6553820-04:00
353,stuttgart,Stuttgart,,VFB,VfB Stuttgart,109,,False,1893,Mercedesstraße 109 // 70372 Stuttgart,www.vfb.de,,False,2014-10-17T00:54:35.6575570-04:00,2014-10-17T00:54:35.6575570-04:00
354,stuttgartii,Stuttgart II,,,VfB Stuttgart II,109,,False,,,,,False,2014-10-17T00:54:35.6593990-04:00,2014-10-17T00:54:35.6593990-04:00
355,augsburg,FC Augsburg,,FCA,,109,,False,1907,Donauwörther Str. 170 // 86154 Augsburg,www.fcaugsburg.de,,False,2014-10-17T00:54:35.6612620-04:00,2014-10-17T00:54:35.6612620-04:00
356,herthabsc,Hertha BSC,,BSC,Hertha Berliner Sport-Club,109,,False,1892,Hanns-Braun-Straße / Friesenhaus 2 // 14053 Berlin,www.herthabsc.de,,False,2014-10-17T00:54:35.6633440-04:00,2014-10-17T00:54:35.6633440-04:00
357,koeln,1. FC Köln,,KOE,Köln,109,,False,1948,Franz-Kremer-Allee 1 // 50937 Köln,www.fc-koeln.de,,False,2014-10-17T00:54:35.6653740-04:00,2014-10-17T00:54:35.6653740-04:00
358,paderborn,SC Paderborn 07,,SCP,Paderborn,109,,False,1907,Paderborner Str. 89 // 33104 Paderborn,www.scpaderborn07.de,,False,2014-10-17T00:54:35.6675010-04:00,2014-10-17T00:54:35.6675010-04:00
359,braunschweig,Eintr. Braunschweig,,EBS,Braunschweig|Eintracht Braunschweig,109,,False,1895,Hamburger Straße 210 // 38112 Braunschweig,www.eintracht.com,,False,2014-10-17T00:54:35.6719610-04:00,2014-10-17T00:54:35.6719610-04:00
360,nuernberg,1. FC Nürnberg,,FCN,,109,,False,1900,Valznerweiherstraße 200 // 90480 Nürnberg,www.fcn.de,,False,2014-10-17T00:54:35.6749980-04:00,2014-10-17T00:54:35.6749980-04:00
361,duesseldorf,Fortuna Düsseldorf,,F95,F. Düsseldorf,109,,False,1895,Arena Straße 1 // 40474 Düsseldorf,www.f95.de,,False,2014-10-17T00:54:35.6856570-04:00,2014-10-17T00:54:35.6856570-04:00
362,fuerth,Greuther Fürth,,SGF,SpVgg Greuther Fürth,109,,False,1903,Laubenweg 60 // 90765 Fürth,www.greuther-fuerth.de,,False,2014-10-17T00:54:35.6890940-04:00,2014-10-17T00:54:35.6890940-04:00
363,klautern,1. FC Kaiserslautern,,FCK,1. FC K'lautern|K'lautern,109,,False,1900,Fritz-Walter-Str. 1 // 67663 Kaiserslautern,www.fck.de,,False,2014-10-17T00:54:35.6923990-04:00,2014-10-17T00:54:35.6923990-04:00
364,fsvfrankfurt,FSV Frankfurt,,FSV,FSV Frankfurt 1899,109,,False,1899,Richard-Herrmann-Platz 1 // 60386 Frankfurt/Main,www.fsv-frankfurt.de,,False,2014-10-17T00:54:35.6951010-04:00,2014-10-17T00:54:35.6951010-04:00
365,tsvmuenchen,1860 München,,M60,TSV München 1860,109,,False,1860,Grünwalder Straße 114 // 81547 München,www.tsv1860.de,,False,2014-10-17T00:54:35.6978700-04:00,2014-10-17T00:54:35.6978700-04:00
366,unionberlin,Union Berlin,,FCU,1. FC Union Berlin,109,,False,1966,An der Wuhlheide 263 // 12555 Berlin,www.fc-union-berlin.de,,False,2014-10-17T00:54:35.7006550-04:00,2014-10-17T00:54:35.7006550-04:00
367,aalen,VfR Aalen,,AAL,Aalen,109,,False,1921,Stadionweg 5/1 // 73430 Aalen,www.vfr-aalen.de,,False,2014-10-17T00:54:35.7027610-04:00,2014-10-17T00:54:35.7027610-04:00
368,aue,Erzgebirge Aue,,AUE,Aue|FC Erzgebirge Aue,109,,False,1949,Lößnitzer Straße 95 // 08280 Aue,www.fc-erzgebirge.de,,False,2014-10-17T00:54:35.7047990-04:00,2014-10-17T00:54:35.7047990-04:00
369,bochum,VfL Bochum,,BOC,Bochum|VfL Bochum 1848,109,,False,1938,Castroper Straße 145 // 44791 Bochum,www.vfl-bochum.de,,False,2014-10-17T00:54:35.7068170-04:00,2014-10-17T00:54:35.7068170-04:00
370,stpauli,FC St. Pauli,,STP,St. Pauli,109,,False,1910,Heiligengeistfeld 1 // 20359 Hamburg,www.fcstpauli.com,,False,2014-10-17T00:54:35.7094360-04:00,2014-10-17T00:54:35.7094360-04:00
371,ingolstadt,FC Ingolstadt 04,,FCI,Ingolstadt,109,,False,2004,Am Sportpark 1 // 85053 Ingolstadt,www.fcingolstadt.de,,False,2014-10-17T00:54:35.7125100-04:00,2014-10-17T00:54:35.7125100-04:00
372,sandhausen,SV Sandhausen,,SAN,Sandhausen|SV Sandhausen 1916,109,,False,1916,Jahnstraße 1 // 69207 Sandhausen,www.svs1916.de,,False,2014-10-17T00:54:35.7145350-04:00,2014-10-17T00:54:35.7145350-04:00
373,karlsruhe,Karlsruhe,,KSC,Karlsruher SC,109,,False,1894,Adenauerring 17 // 76131 Karlsruhe,www.ksc.de,,False,2014-10-17T00:54:35.7165650-04:00,2014-10-17T00:54:35.7165650-04:00
374,heidenheim,Heidenheim,,HDH,1. FC Heidenheim,109,,False,2007,// Heidenheim,www.fc-heidenheim.de,,False,2014-10-17T00:54:35.7187040-04:00,2014-10-17T00:54:35.7187040-04:00
375,leipzig,RB Leipzig,,RBL,,109,,False,2009,// Leipzig,www.dierotenbullen.com,,False,2014-10-17T00:54:35.7207640-04:00,2014-10-17T00:54:35.7207640-04:00
376,darmstadt,Darmstadt,,D98,SV Darmstadt 98,109,,False,1898,// Darmstadt,www.sv98.de,,False,2014-10-17T00:54:35.7227380-04:00,2014-10-17T00:54:35.7227380-04:00
377,cottbus,Energie Cottbus,,FCE,Cottbus|FC Energie Cottbus,109,440,False,1966,Am Eliaspark 1 // 03042 Cottbus,www.fcenergie.de,,False,2014-10-17T00:54:35.7336560-04:00,2014-10-17T00:54:35.7336560-04:00
378,babelsberg,Babelsberg,,,SV Babelsberg 03,109,,False,,,,,False,2014-10-17T00:54:35.7402330-04:00,2014-10-17T00:54:35.7402330-04:00
379,stuttkick,Stutt. Kick.,,,Stuttgarter Kickers,109,,False,,,,,False,2014-10-17T00:54:35.7470890-04:00,2014-10-17T00:54:35.7470890-04:00
380,regensburg,Jahn Regensburg,,REG,Regensburg|SSV Jahn Regensburg,109,446,False,,,,,False,2014-10-17T00:54:35.7514160-04:00,2014-10-17T00:54:35.7514160-04:00
381,burghausen,Burghausen,,,Wacker Burghausen,109,,False,,,,,False,2014-10-17T00:54:35.7531760-04:00,2014-10-17T00:54:35.7531760-04:00
382,uhaching,U'haching,,,SpVgg Unterhaching,109,,False,,,,,False,2014-10-17T00:54:35.7548170-04:00,2014-10-17T00:54:35.7548170-04:00
383,wiesbaden,Wiesbaden,,,SV Wehen Wiesbaden,109,,False,,,,,False,2014-10-17T00:54:35.7669650-04:00,2014-10-17T00:54:35.7669650-04:00
384,offenbach,Offenbach,,,Kickers Offenbach,109,,False,,,,,False,2014-10-17T00:54:35.7689050-04:00,2014-10-17T00:54:35.7689050-04:00
385,rostock,Rostock,,,Hansa Rostock,109,,False,,,,,False,2014-10-17T00:54:35.7746910-04:00,2014-10-17T00:54:35.7746910-04:00
386,osnabrueck,Osnabrück,,,VfL Osnabrück,109,,False,,,,,False,2014-10-17T00:54:35.7784720-04:00,2014-10-17T00:54:35.7784720-04:00
387,bielefeld,Bielefeld,,DSC,Arminia Bielefeld|DSC Arminia Bielefeld,109,,False,1905,Melanchthonstraße 31a // 33615 Bielefeld,www.arminia-bielefeld.de,,False,2014-10-17T00:54:35.7831880-04:00,2014-10-17T00:54:35.7831880-04:00
388,duisburg,MSV Duisburg,,MSV,Duisburg,109,424,False,,,,,False,2014-10-17T00:54:35.7855310-04:00,2014-10-17T00:54:35.7855310-04:00
389,muenster,Münster,,,Preußen Münster|SC Preußen 06,109,,False,,,,,False,2014-10-17T00:54:35.7873750-04:00,2014-10-17T00:54:35.7873750-04:00
390,aachen,Aachen,,,Alemannia Aachen,109,,False,,,,,False,2014-10-17T00:54:35.7891550-04:00,2014-10-17T00:54:35.7891550-04:00
391,kiel,Holstein Kiel,,,,109,,False,,,,,False,2014-10-17T00:54:35.7970210-04:00,2014-10-17T00:54:35.7970210-04:00
392,saarbruecken,Saarbrücken,,,1. FC Saarbrücken,109,,False,,,,,False,2014-10-17T00:54:35.8009700-04:00,2014-10-17T00:54:35.8009700-04:00
393,elversberg,SV Elversberg,,,,109,,False,,,,,False,2014-10-17T00:54:35.8026520-04:00,2014-10-17T00:54:35.8026520-04:00
394,dresden,Dynamo Dresden,,SGD,Dresden|SG Dynamo Dresden,109,414,False,1953,Lennéstraße 12 // 01069 Dresden,www.dynamo-dresden.de,,False,2014-10-17T00:54:35.8069710-04:00,2014-10-17T00:54:35.8069710-04:00
395,chemnitz,Chemnitz,,,Chemnitzer FC,109,,False,,,,,False,2014-10-17T00:54:35.8087480-04:00,2014-10-17T00:54:35.8087480-04:00
396,halle,Halle,,,Hallescher FC,109,,False,,,,,False,2014-10-17T00:54:35.8128830-04:00,2014-10-17T00:54:35.8128830-04:00
397,rwerfurt,RW Erfurt,,,Rot-Weiß Erfurt,109,,False,,,,,False,2014-10-17T00:54:35.8168590-04:00,2014-10-17T00:54:35.8168590-04:00
398,chelsea,Chelsea,,CHE,Chelsea FC|FC Chelsea,219,,False,1905,// London,www.chelseafc.com,,False,2014-10-17T00:54:45.9270070-04:00,2014-10-17T00:54:45.9270070-04:00
399,arsenal,Arsenal,,ARS,Arsenal FC|FC Arsenal,219,,False,1886,// London,www.arsenal.com,,False,2014-10-17T00:54:45.9295530-04:00,2014-10-17T00:54:45.9295530-04:00
400,tottenham,Tottenham Hotspur,,,Tottenham|Spurs,219,,False,,// London,www.tottenhamhotspur.com,,False,2014-10-17T00:54:45.9449920-04:00,2014-10-17T00:54:45.9449920-04:00
401,westham,West Ham United,,WHU,West Ham,219,,False,1895,// London,www.whufc.com,,False,2014-10-17T00:54:45.9484910-04:00,2014-10-17T00:54:45.9484910-04:00
402,qpr,Queens Park Rangers,,QPR,Queens Park Rangers FC|QPR,219,,False,1882,// London,www.qpr.co.uk,,False,2014-10-17T00:54:45.9504200-04:00,2014-10-17T00:54:45.9504200-04:00
403,crystalpalace,Crystal Palace,,CRY,C Palace|Palace,219,,False,1905,// London,www.cpfc.co.uk,,False,2014-10-17T00:54:45.9525270-04:00,2014-10-17T00:54:45.9525270-04:00
404,manutd,Manchester United,,MUN,Man Utd|Manchester U.,219,,False,1878,// Manchester,www.manutd.com,,False,2014-10-17T00:54:45.9545200-04:00,2014-10-17T00:54:45.9545200-04:00
405,mancity,Manchester City,,MCI,Man City|Man. City,219,,False,1880,// Manchester,www.mcfc.co.uk,,False,2014-10-17T00:54:45.9564730-04:00,2014-10-17T00:54:45.9564730-04:00
406,everton,Everton,,EVE,Everton FC|FC Everton,219,,False,1878,// Liverpool,www.evertonfc.com,,False,2014-10-17T00:54:45.9585230-04:00,2014-10-17T00:54:45.9585230-04:00
407,liverpool,Liverpool,,LIV,Liverpool FC|FC Liverpool,219,,False,1892,// Liverpool,www.liverpoolfc.com,,False,2014-10-17T00:54:45.9604910-04:00,2014-10-17T00:54:45.9604910-04:00
408,westbrom,West Bromwich Albion,,WBA,West Brom|Albion,219,,False,1878,// West Bromwich,www.wba.co.uk,,False,2014-10-17T00:54:45.9624110-04:00,2014-10-17T00:54:45.9624110-04:00
409,newcastle,Newcastle United,,NEW,Newcastle,219,,False,1892,// Newcastle upon Tyne,www.nufc.co.uk,,False,2014-10-17T00:54:45.9644820-04:00,2014-10-17T00:54:45.9644820-04:00
410,stoke,Stoke City,,STK,Stoke,219,,False,1863,// Stoke-on-Trent,www.stokecityfc.com,,False,2014-10-17T00:54:45.9664750-04:00,2014-10-17T00:54:45.9664750-04:00
411,sunderland,Sunderland,,SUN,Sunderland AFC|AFC Sunderland,219,,False,1879,// Sunderland,www.safc.com,,False,2014-10-17T00:54:45.9683720-04:00,2014-10-17T00:54:45.9683720-04:00
412,astonvilla,Aston Villa,,AVL,Villa,219,,False,1874,// Birmingham,www.avfc.co.uk,,False,2014-10-17T00:54:45.9703850-04:00,2014-10-17T00:54:45.9703850-04:00
413,southampton,Southampton,,SOU,Southampton FC|FC Southampton,219,,False,1885,// Southampton,www.saintsfc.co.uk,,False,2014-10-17T00:54:45.9722450-04:00,2014-10-17T00:54:45.9722450-04:00
414,hull,Hull City,,HUL,Hull,219,,False,1904,// Kingston upon Hull,www.hullcitytigers.com,,False,2014-10-17T00:54:45.9741710-04:00,2014-10-17T00:54:45.9741710-04:00
415,leicester,Leicester City,,LEI,Leicester|Leicester City FC,219,,False,1884,// Leicester,www.lcfc.com,,False,2014-10-17T00:54:45.9765790-04:00,2014-10-17T00:54:45.9765790-04:00
416,burnley,Burnley,,BUR,Burnley FC,219,,False,1882,// Burnley,www.burnleyfootballclub.com,,False,2014-10-17T00:54:45.9791290-04:00,2014-10-17T00:54:45.9791290-04:00
417,norwich,Norwich City,,NOR,Norwich,219,473,False,,,,,False,2014-10-17T00:54:45.9893740-04:00,2014-10-17T00:54:45.9893740-04:00
418,fulham,Fulham,,FUL,Fulham FC|FC Fulham,219,456,False,,,,,False,2014-10-17T00:54:45.9923490-04:00,2014-10-17T00:54:45.9923490-04:00
419,reading,Reading,,RDG,Reading FC|FC Reading,219,472,False,,,,,False,2014-10-17T00:54:45.9958600-04:00,2014-10-17T00:54:45.9958600-04:00
420,wigan,Wigan Athletic,,WIG,Wigan,219,470,False,,,,,False,2014-10-17T00:54:45.9990800-04:00,2014-10-17T00:54:45.9990800-04:00
421,swansea,Swansea City,,SWA,Swansea,221,705,False,,,,,False,2014-10-17T00:54:46.0053270-04:00,2014-10-17T00:54:46.0053270-04:00
422,cardiff,Cardiff City,,CAR,,221,,False,,,,,False,2014-10-17T00:54:46.0099700-04:00,2014-10-17T00:54:46.0099700-04:00
423,barcelona,Barcelona,,BAR,FC Barcelona|F.C. Barcelona|Fútbol Club Barcelona,111,483,False,,,,,False,2014-10-17T00:54:52.7906780-04:00,2014-10-17T00:54:52.7906780-04:00
424,espanyol,Espanyol,,ESP,RCD Espanyol|R.C.D. Espanyol|Espanyol Barcelona|Real CD Espanyol|Real Club Deportivo Espanyol|Real Club Deportivo Español,111,483,False,,,,,False,2014-10-17T00:54:52.7939400-04:00,2014-10-17T00:54:52.7939400-04:00
425,madrid,R. Madrid,,RMD,Real Madrid|Real Madrid CF|Real Madrid Club de Fútbol,111,487,False,,,,,False,2014-10-17T00:54:52.7979160-04:00,2014-10-17T00:54:52.7979160-04:00
426,atletico,Atlético,,ATL,Atlético Madrid|Club Atlético de Madrid,111,487,False,,,,,False,2014-10-17T00:54:52.8003950-04:00,2014-10-17T00:54:52.8003950-04:00
427,getafe,Getafe,,GET,Getafe CF|Getafe C.F.|Getafe Club de Fútbol,111,487,False,,,,,False,2014-10-17T00:54:52.8037260-04:00,2014-10-17T00:54:52.8037260-04:00
428,rayo,Rayo,,RAY,Rayo Vallecano|Rayo Vallecano de Madrid,111,487,False,,,,,False,2014-10-17T00:54:52.8064910-04:00,2014-10-17T00:54:52.8064910-04:00
429,sevilla,Sevilla,,SEV,Sevilla FC|Sevilla F.C.|Sevilla Fútbol Club,111,474,False,,,,,False,2014-10-17T00:54:52.8086780-04:00,2014-10-17T00:54:52.8086780-04:00
430,valencia,Valencia,,VAL,Valencia CF|Valencia C.F.|Valencia Club de Fútbol|FC Valencia|CF Valencia,111,490,False,,,,,False,2014-10-17T00:54:52.8109020-04:00,2014-10-17T00:54:52.8109020-04:00
431,levante,Levante,,LEV,Levante UD|Levante U.D.|Levante Unión Deportiva,111,490,False,,,,,False,2014-10-17T00:54:52.8132090-04:00,2014-10-17T00:54:52.8132090-04:00
432,malaga,Málaga,,MAG,Málaga CF|Málaga C.F.|CF Málaga|FC Málaga,111,493,False,,,,,False,2014-10-17T00:54:52.8157230-04:00,2014-10-17T00:54:52.8157230-04:00
433,athletic,Athletic,,ATH,Athletic Club|Athletic Bilbao,111,494,False,,,,,False,2014-10-17T00:54:52.8178970-04:00,2014-10-17T00:54:52.8178970-04:00
434,granada,Granada,,GRA,Granada CF|Granada C.F.|Granada Club de Fútbol,111,495,False,,,,,False,2014-10-17T00:54:52.8202760-04:00,2014-10-17T00:54:52.8202760-04:00
435,celta,Celta,,CEL,Celta Vigo|R.C. Celta|Real Club Celta Vigo|Real Club Celta de Vigo,111,496,False,,,,,False,2014-10-17T00:54:52.8226520-04:00,2014-10-17T00:54:52.8226520-04:00
436,realsociedad,R. Sociedad,,RSO,Real Sociedad San Sebastián|Real Sociedad|Real Sociedad de Fútbol,111,498,False,,,,,False,2014-10-17T00:54:52.8250500-04:00,2014-10-17T00:54:52.8250500-04:00
437,valladolid,Valladolid,,VID,Real Valladolid|Real Valladolid CF|R. Valladolid C.F.|Real Valladolid Club de Fútbol,111,481,False,,,,,False,2014-10-17T00:54:52.8273300-04:00,2014-10-17T00:54:52.8273300-04:00
438,almeria,UD Almería,,ALM,U.D. Almería|Unión Deportiva Almería,111,,False,,,,,False,2014-10-17T00:54:52.8363410-04:00,2014-10-17T00:54:52.8363410-04:00
439,elche,Elche CF,,ELC,Elche C.F.,111,,False,,,,,False,2014-10-17T00:54:52.8405420-04:00,2014-10-17T00:54:52.8405420-04:00
440,eibar,Eibar,,,SD Eibar|Sociedad Deportiva Eibar,111,,False,,,,,False,2014-10-17T00:54:52.8433560-04:00,2014-10-17T00:54:52.8433560-04:00
441,deportivo,Deportivo,,DEP,Deportivo La Coruña|RC Deportivo de La Coruña|Deportivo de La Coruña|Deportivo da Coruña|Real Club Deportivo La Coruña,111,497,False,,,,,False,2014-10-17T00:54:52.8459070-04:00,2014-10-17T00:54:52.8459070-04:00
442,cordoba,Córdoba,,,Córdoba CF|Córdoba Club de Fútbol,111,,False,,,,,False,2014-10-17T00:54:52.8476750-04:00,2014-10-17T00:54:52.8476750-04:00
443,osasuna,Osasuna,,OSA,CA Osasuna|At. Osasuna|Club Atlético Osasuna,111,489,False,,,,,False,2014-10-17T00:54:52.8522910-04:00,2014-10-17T00:54:52.8522910-04:00
444,villareal,Villarreal CF,,VLL,Villarreal C.F.,111,,False,,,,,False,2014-10-17T00:54:52.8560890-04:00,2014-10-17T00:54:52.8560890-04:00
445,betis,Betis,,BET,Betis Sevilla|Real Betis Sevilla|Real Betis|Real Betis Balompié,111,474,False,,,,,False,2014-10-17T00:54:52.8582240-04:00,2014-10-17T00:54:52.8582240-04:00
446,alcorcon,Alcorcón,,,AD Alcorcón|Agrupación Deportiva Alcorcón,111,,False,,,,,False,2014-10-17T00:54:52.8600440-04:00,2014-10-17T00:54:52.8600440-04:00
447,sabadell,Sabadell,,,CE Sabadell FC|Centre d'Esports Sabadell Futbol Club,111,,False,,,,,False,2014-10-17T00:54:52.8618430-04:00,2014-10-17T00:54:52.8618430-04:00
448,lugo,Lugo,,,CD Lugo|Club Deportivo Lugo,111,,False,,,,,False,2014-10-17T00:54:52.8641030-04:00,2014-10-17T00:54:52.8641030-04:00
449,mirandes,Mirandés,,,CD Mirandés|Club Deportivo Mirandés,111,,False,,,,,False,2014-10-17T00:54:52.8663200-04:00,2014-10-17T00:54:52.8663200-04:00
450,numancia,Numancia,,,CD Numancia|Club Deportivo Numancia de Soria,111,,False,,,,,False,2014-10-17T00:54:52.8682530-04:00,2014-10-17T00:54:52.8682530-04:00
451,tenerife,Tenerife,,,CD Tenerife|Club Deportivo Tenerife,111,,False,,,,,False,2014-10-17T00:54:52.8701050-04:00,2014-10-17T00:54:52.8701050-04:00
452,alaves,Alavés,,,Deportivo Alavés,111,,False,,,,,False,2014-10-17T00:54:52.8718240-04:00,2014-10-17T00:54:52.8718240-04:00
453,barcelonab,Barcelona B,,,FC Barcelona B|Fútbol Club Barcelona B,111,,False,,,,,False,2014-10-17T00:54:52.8735130-04:00,2014-10-17T00:54:52.8735130-04:00
454,girona,Girona,,,Girona FC|Girona Futbol Club,111,,False,,,,,False,2014-10-17T00:54:52.8753280-04:00,2014-10-17T00:54:52.8753280-04:00
455,hercules,Hércules,,,Hércules CF|Hércules de Alicante Club de Fútbol,111,,False,,,,,False,2014-10-17T00:54:52.8776890-04:00,2014-10-17T00:54:52.8776890-04:00
456,mallorca,Mallorca,,MLL,RCD Mallorca|Real CD Mallorca|Real Club Deportivo Mallorca,111,477,False,,,,,False,2014-10-17T00:54:52.8810510-04:00,2014-10-17T00:54:52.8810510-04:00
457,recreativo,Recreativo,,,RC Recreativo de Huelva|Real Club Recreativo de Huelva,111,,False,,,,,False,2014-10-17T00:54:52.8830510-04:00,2014-10-17T00:54:52.8830510-04:00
458,jaen,Jaén,,,Real Jaén CF|Real Jaén Club de Fútbol,111,,False,,,,,False,2014-10-17T00:54:52.8847180-04:00,2014-10-17T00:54:52.8847180-04:00
459,castilla,Castilla,,,Real Madrid Castilla|Real Madrid Castilla Club de Fútbol,111,,False,,,,,False,2014-10-17T00:54:52.8863410-04:00,2014-10-17T00:54:52.8863410-04:00
460,murcia,Murcia,,,Real Murcia CF|Real Murcia Club de Fútbol,111,,False,,,,,False,2014-10-17T00:54:52.8880650-04:00,2014-10-17T00:54:52.8880650-04:00
461,sporting,Sporting,,,Real Sporting|Real Sporting de Gijón,111,,False,,,,,False,2014-10-17T00:54:52.8896340-04:00,2014-10-17T00:54:52.8896340-04:00
462,zaragoza,Zaragoza,,ZAR,Real Zaragoza,111,475,False,,,,,False,2014-10-17T00:54:52.8918140-04:00,2014-10-17T00:54:52.8918140-04:00
463,ponferradina,Ponferradina,,,SD Ponferradina|Sociedad Deportiva Ponferradina,111,,False,,,,,False,2014-10-17T00:54:52.8935740-04:00,2014-10-17T00:54:52.8935740-04:00
464,laspalmas,Las Palmas,,,UD Las Palmas|Unión Deportiva Las Palmas,111,,False,,,,,False,2014-10-17T00:54:52.8954660-04:00,2014-10-17T00:54:52.8954660-04:00
465,milan,Milan,,MIL,AC Milan|Associazione Calcio Milan,116,560,False,,,,,False,2014-10-17T00:55:00.9601790-04:00,2014-10-17T00:55:00.9601790-04:00
466,inter,Inter,,INT,Internazionale|FC Internazionale Milano,116,560,False,,,,,False,2014-10-17T00:55:00.9679940-04:00,2014-10-17T00:55:00.9679940-04:00
467,lazio,Lazio,,LAZ,SS Lazio|Società Sportiva Lazio|Lazio Roma,116,566,False,,,,,False,2014-10-17T00:55:00.9715490-04:00,2014-10-17T00:55:00.9715490-04:00
468,roma,Roma,,ROM,AS Roma|Associazione Sportiva Roma,116,566,False,,,,,False,2014-10-17T00:55:00.9744140-04:00,2014-10-17T00:55:00.9744140-04:00
469,genoa,Genoa,,GEN,Genoa CFC|Genoa Cricket and Football Club,116,559,False,,,,,False,2014-10-17T00:55:00.9772930-04:00,2014-10-17T00:55:00.9772930-04:00
470,sampdoria,Sampdoria,,SAM,Unione Calcio Sampdoria|Sampdoria Genoa,116,559,False,,,,,False,2014-10-17T00:55:00.9799970-04:00,2014-10-17T00:55:00.9799970-04:00
471,juventus,Juventus,,JUV,Juventus FC|Juventus Football Club|Juventus Torino,116,561,False,,,,,False,2014-10-17T00:55:00.9822740-04:00,2014-10-17T00:55:00.9822740-04:00
472,torino,Torino,,TOR,Torino FC|Torino Football Club,116,561,False,,,,,False,2014-10-17T00:55:00.9844760-04:00,2014-10-17T00:55:00.9844760-04:00
473,napoli,Napoli,,NAP,SSC Napoli|Società Sportiva Calcio Napoli,116,574,False,,,,,False,2014-10-17T00:55:00.9865380-04:00,2014-10-17T00:55:00.9865380-04:00
474,atalanta,Atalanta,,ATA,Atalanta Bergamo|Atalanta Bergamasca Calcio|Atalanta BC,116,581,False,,,,,False,2014-10-17T00:55:00.9888010-04:00,2014-10-17T00:55:00.9888010-04:00
475,cagliari,Cagliari,,CAG,Cagliari Calcio,116,576,False,,,,,False,2014-10-17T00:55:00.9912100-04:00,2014-10-17T00:55:00.9912100-04:00
476,chievoverona,Chievo,,CHI,Chievo Verona|Associazione Calcio Chievo Verona,116,580,False,,,,,False,2014-10-17T00:55:00.9937030-04:00,2014-10-17T00:55:00.9937030-04:00
477,hellasverona,Verona,,HEL,Hellas Verona|Hellas Verona F.C.|Hellas Verona Football Club,116,580,False,1903,,www.hellasverona.it,,False,2014-10-17T00:55:00.9961590-04:00,2014-10-17T00:55:00.9961590-04:00
478,fiorentina,Fiorentina,,FIO,ACF Fiorentina|AC Firenze|Associazione Calcio Firenze Fiorentina,116,568,False,,,,,False,2014-10-17T00:55:00.9985590-04:00,2014-10-17T00:55:00.9985590-04:00
479,parma,Parma,,PAR,Parma FC|Parma Football Club,116,582,False,,,,,False,2014-10-17T00:55:01.0009580-04:00,2014-10-17T00:55:01.0009580-04:00
480,udinese,Udinese,,UDI,Udinese Calcio,116,585,False,,,,,False,2014-10-17T00:55:01.0033140-04:00,2014-10-17T00:55:01.0033140-04:00
481,sassuolo,Sassuolo,,SAS,U.S. Sassuolo Calcio|Unione Sportiva Sassuolo Calcio,116,,False,1922,,www.sassuolocalcio.it,,False,2014-10-17T00:55:01.0115110-04:00,2014-10-17T00:55:01.0115110-04:00
482,palermo,Palermo,,PAL,US Palermo|Unione Sportiva Città di Palermo,116,577,False,,,www.palermocalcio.it,,False,2014-10-17T00:55:01.0138870-04:00,2014-10-17T00:55:01.0138870-04:00
483,empoli,Empoli,,,Empoli FC|Empoli Football Club,116,,False,,,www.empolicalcio.it,,False,2014-10-17T00:55:01.0157960-04:00,2014-10-17T00:55:01.0157960-04:00
484,cesena,Cesena,,,AC Cesena|Associazione Calcio Cesena,116,,False,,,www.cesenacalcio.it,,False,2014-10-17T00:55:01.0177470-04:00,2014-10-17T00:55:01.0177470-04:00
485,catania,Catania,,CAT,Calcio Catania,116,578,False,,,,,False,2014-10-17T00:55:01.0225170-04:00,2014-10-17T00:55:01.0225170-04:00
486,bologna,Bologna,,BOL,FC Bologna|Bologna FC|Bologna Football Club 1909,116,562,False,,,,,False,2014-10-17T00:55:01.0248920-04:00,2014-10-17T00:55:01.0248920-04:00
487,livorno,Livorno,,LIV,AS Livorno|A.S. Livorno Calcio|Associazione Sportiva Livorno Calcio,116,,False,1915,,www.livornocalcio.it,,False,2014-10-17T00:55:01.0288590-04:00,2014-10-17T00:55:01.0288590-04:00
488,pescara,Pescara Calcio,,PES,Delfino Pescara 1936,116,583,False,,,,,False,2014-10-17T00:55:01.0313240-04:00,2014-10-17T00:55:01.0313240-04:00
489,siena,AC Siena,,SIE,Associazione Calcio Siena,116,584,False,,,,,False,2014-10-17T00:55:01.0335440-04:00,2014-10-17T00:55:01.0335440-04:00
490,america,América,,AME,Club América|América de Mexico|Águilas,171,859,False,1916,"Calle del Toro No. 100, Col. Ex Hacienda de Coapa Delegación Coyoacán // México D.F. C.P. 14390",www.clubamerica.com.mx,,False,2014-10-17T00:55:07.9870620-04:00,2014-10-17T00:55:07.9870620-04:00
491,cruzazul,Cruz Azul,,CAZ,Cruz Azul FC|Cruz Azul Fútbol Club,171,859,False,1927,"San Pablo No. 100, Col. La Noria, Antiguo Camino a Xochimilco // México D.F.",www.cruzazulfc.com,,False,2014-10-17T00:55:07.9920330-04:00,2014-10-17T00:55:07.9920330-04:00
492,pumas,Pumas,,PUM,UNAM|Pumas UNAM|Universidad_Nacional,171,859,False,1954,"Calle Totonacas No. 560, Col. Ajusco // Delegación Coyoacán // México, D.F.  C.P. 04300",www.clubpumasunam.com,,False,2014-10-17T00:55:07.9969920-04:00,2014-10-17T00:55:07.9969920-04:00
493,monterrey,Monterrey,,MTY,CF Monterrey|Rayados (de Monterrey),171,869,False,1945,"Av Revolución 846-B, Col. Jardín Español // Monterrey, Nuevo León",www.rayados.com,,False,2014-10-17T00:55:08.0012890-04:00,2014-10-17T00:55:08.0012890-04:00
494,tigres,Tigres,,TIG,UANL|Tigres UANL|UA. Nuevo León,171,869,False,1960,"Estadio Universitario, Puerta No. 13 Ciudad Universitaria San Nicolás De Los Garza // Monterrey, Nuevo León",www.tigres.com.mx,,False,2014-10-17T00:55:08.0052960-04:00,2014-10-17T00:55:08.0052960-04:00
495,chivas,Guadalajara,,GUA,Chivas|Guadalajara Chivas|Deportivo Guadalajara,171,864,False,1906,"Francisco I. Madero No. 5840, Col. Jocotán // Zapopan",www.chivasdecorazon.com.mx,,False,2014-10-17T00:55:08.0092080-04:00,2014-10-17T00:55:08.0092080-04:00
496,atlas,Atlas,,ATS,,171,864,False,1916,"Av. Patria 2300, Col. Lomas del Bosque // Zapopan, Jalisco C.P. 45110",,,False,2014-10-17T00:55:08.0158680-04:00,2014-10-17T00:55:08.0158680-04:00
497,atlante,Atlante,,ATL,Potros (de Hierro),171,894,False,1916,Av. Mayapán esq. Av. Kabah s/n Supermanzana 43 Pedregal del Bosque // Quintana Roo,www.atlantefc.mx,,False,2014-10-17T00:55:08.0198890-04:00,2014-10-17T00:55:08.0198890-04:00
498,jaguares,Jaguares,,JAG,Chiapas|Jaguares de Chiapas,171,855,False,2002,"Calzada de las Etnias s/n, esq. Blvd Fidel Velázquez, Col. Infonavit el Grijalva // Tuxtla Gutierrez, Chiapas C.P. 29047",www.chiapasfc.com,,False,2014-10-17T00:55:08.0238130-04:00,2014-10-17T00:55:08.0238130-04:00
499,leon,León,,LEO,Club León,171,882,False,1944,"Boulevard Adolfo López Mateos 1810, Col. La Martinica // León",www.clubleon-fc.com,,False,2014-10-17T00:55:08.0276750-04:00,2014-10-17T00:55:08.0276750-04:00
500,morelia,Morelia,,MOR,Monarcas|Monarcas Morelia|Atletico Monarcas Morelia,171,866,False,1924,"Av. Camelinas No. 3537, Col. 5 de Diciembre // Morelia, Michoacán C.P. 58260",www.fuerzamonarca.com,,False,2014-10-17T00:55:08.0316940-04:00,2014-10-17T00:55:08.0316940-04:00
501,pachuca,Pachuca,,PAC,,171,863,False,1901,"Libramiento Circuito de la Concepción km 2 s/n, Col. La Concepción // San Agustín Tlaxlaca, Hidalgo C.P. 42160",www.tuzos.com.mx,,False,2014-10-17T00:55:08.0360280-04:00,2014-10-17T00:55:08.0360280-04:00
502,puebla,Puebla,,PUE,Puebla F.C.,171,871,False,1944,"Calz. Ignacio Zaragoza No. 666, Col. Maravillas Unidad Deportiva Estadio Cuauhtémoc // Puebla, Pue.  C.P. 72220",www.puebla-fc.com,,False,2014-10-17T00:55:08.0410080-04:00,2014-10-17T00:55:08.0410080-04:00
503,queretaro,Querétaro,,QRO,Querétaro F.C.|Gallos Blancos (de Querétaro),171,872,False,1950,"Prol. Luis Vega y Monroy 409-4, Col. Balaustrads // Santiago de Querétaro, C.P. 76079",www.clubqueretaro.com,,False,2014-10-17T00:55:08.0453680-04:00,2014-10-17T00:55:08.0453680-04:00
504,santos,Santos,,SAN,Santos Laguna,171,884,False,1983,"Calz. Territorio Santos Modelo No. 1, Col. Conjunto de Todos los Santos // Torreón, Coahuila",www.clubsantoslaguna.com.mx,,False,2014-10-17T00:55:08.0496630-04:00,2014-10-17T00:55:08.0496630-04:00
505,tijuana,Tijuana,,TIJ,Club Tijuana|Xolos|Club Tijuana Xoloitzcuintles de Caliente,171,885,False,2007,"Paseo del Centenario 9211 Local 3 Módulo 6, Col. Zona Río // Tijuana, B.C. C.P. 22320",www.xolos.com.mx,,False,2014-10-17T00:55:08.0534620-04:00,2014-10-17T00:55:08.0534620-04:00
506,toluca,Toluca,,TOL,Deportivo Toluca,171,865,False,1917,"Felipe Villanueva No. 300 1er piso,  Colonia San Bernardino //  Toluca, Estado de México. C.P. 50080",www.deportivotolucafc.com,,False,2014-10-17T00:55:08.0573480-04:00,2014-10-17T00:55:08.0573480-04:00
507,veracruz,Veracruz,,,Tiburones Rojos (de Veracruz),171,,False,1943,Av. Jacarandas s/n esq. Av. España Fraccionamiento Virginia Boca del Río // Veracruz,www.tiburones-rojos.com,,False,2014-10-17T00:55:08.0637780-04:00,2014-10-17T00:55:08.0637780-04:00
508,altamira,Altamira,,,,171,,False,2001,,,,False,2014-10-17T00:55:08.0694830-04:00,2014-10-17T00:55:08.0694830-04:00
509,correcaminos,Correcaminos,,,UAT|Correcaminos UAT|UA. Tamaulipas,171,,False,1980,,,,False,2014-10-17T00:55:08.0711990-04:00,2014-10-17T00:55:08.0711990-04:00
510,dorados,Dorados,,,Sinaloa,171,,False,2003,,,,False,2014-10-17T00:55:08.0730500-04:00,2014-10-17T00:55:08.0730500-04:00
511,estudiantes,Estudiantes,,,Estudiantes UAG|Estudiantes Tecos|UAG|UA. Guadalajara|Universidad Autónoma de Guadalajara,171,,False,1971,,,,False,2014-10-17T00:55:08.0750370-04:00,2014-10-17T00:55:08.0750370-04:00
512,uguadalajara,U. Guadalajara,,,U. de Guadalajara|U. de G.|Universidad de Guadalajara|UDG,171,,False,1970,,,,False,2014-10-17T00:55:08.0768550-04:00,2014-10-17T00:55:08.0768550-04:00
513,necaxa,Necaxa,,,,171,,False,1923,,,,False,2014-10-17T00:55:08.0786750-04:00,2014-10-17T00:55:08.0786750-04:00
514,sanluis,San Luis,,SNL,Atlético San Luis|Club San Luis,171,874,False,1998,,,,False,2014-10-17T00:55:08.0813620-04:00,2014-10-17T00:55:08.0813620-04:00
515,celaya,Celaya,,,,171,,False,1954,,,,False,2014-10-17T00:55:08.0833300-04:00,2014-10-17T00:55:08.0833300-04:00
516,cruzazulhidalgo,Cruz Azul Hidalgo,,,Cruz Azul Hgo.,171,,False,1993,,,,False,2014-10-17T00:55:08.0853380-04:00,2014-10-17T00:55:08.0853380-04:00
517,lobosbuap,Lobos BUAP,,,BUAP,171,,False,1967,,,,False,2014-10-17T00:55:08.0879260-04:00,2014-10-17T00:55:08.0879260-04:00
518,galeana,Galeana,,,Ballenas Galeana,171,,False,1956,,,,False,2014-10-17T00:55:08.0900660-04:00,2014-10-17T00:55:08.0900660-04:00
519,zacatepec,Zacatepec,,,,171,,False,1948,,,,False,2014-10-17T00:55:08.0920250-04:00,2014-10-17T00:55:08.0920250-04:00
520,oaxaca,Oaxaca,,,,171,,False,2012,,,,False,2014-10-17T00:55:08.0937590-04:00,2014-10-17T00:55:08.0937590-04:00
521,merida,Mérida,,,,171,,False,2003,,,,False,2014-10-17T00:55:08.0992220-04:00,2014-10-17T00:55:08.0992220-04:00
522,delfines,Delfines,,,Delfines del Carmen,171,,False,2012,,,,False,2014-10-17T00:55:08.1026150-04:00,2014-10-17T00:55:08.1026150-04:00
523,corinthians,Corinthians,,COR,SC Corinthians Paulista|Corinthians SP|Corinthians São Paulo|Sport Club Corinthians Paulista,188,969,False,,,,,False,2014-10-17T00:55:11.3421620-04:00,2014-10-17T00:55:11.3421620-04:00
524,saopaulo,São Paulo,,SAO,São Paulo FC|FC São Paulo|São Paulo SP|São Paulo Futebol Clube,188,969,False,,,,,False,2014-10-17T00:55:11.3451470-04:00,2014-10-17T00:55:11.3451470-04:00
525,portuguesa,Portuguesa,,POR,A Portuguesa de Desportos|Portuguesa SP|Portuguesa São Paulo|Associação Portuguesa de Desportos,188,969,False,,,,,False,2014-10-17T00:55:11.3486670-04:00,2014-10-17T00:55:11.3486670-04:00
526,santossp,Santos,,SAN,Santos SP|Santos FC|FC Santos|Santos Futebol Clube,188,981,False,,,,,False,2014-10-17T00:55:11.3525220-04:00,2014-10-17T00:55:11.3525220-04:00
527,pontepreta,Ponte Preta,,PON,AA Ponte Preta|Associação Atlética Ponte Preta,188,974,False,,,,,False,2014-10-17T00:55:11.3551950-04:00,2014-10-17T00:55:11.3551950-04:00
528,botafogo,Botafogo,,BOT,Botafogo RJ|Botafogo FR|Botafogo de Futebol e Regatas,188,968,False,,,,,False,2014-10-17T00:55:11.3578600-04:00,2014-10-17T00:55:11.3578600-04:00
529,flamengo,Flamengo,,FLA,CR Flamengo|Flamengo RJ|Flamengo Rio de Janeiro|Clube de Regatas do Flamengo,188,968,False,,,,,False,2014-10-17T00:55:11.3602660-04:00,2014-10-17T00:55:11.3602660-04:00
530,fluminense,Fluminense,,FLU,Fluminense FC|Fluminense RJ|Fluminense Rio de Janeiro|Fluminense Football Club,188,968,False,,,,,False,2014-10-17T00:55:11.3626220-04:00,2014-10-17T00:55:11.3626220-04:00
531,vascodagama,Vasco,,VAS,CR Vasco da Gama|Vasco RJ|Vasco da Gama|Vasco da Gama Rio de Janeiro|Club de Regatas Vasco da Gama,188,968,False,,,,,False,2014-10-17T00:55:11.3650900-04:00,2014-10-17T00:55:11.3650900-04:00
532,bahia,Bahia,,BAI,Bahia BA|EC Bahia|Esporte Clube Bahia,188,955,False,,,,,False,2014-10-17T00:55:11.3676390-04:00,2014-10-17T00:55:11.3676390-04:00
533,vitoria,Vitória,,VIT,EC Vitória|Esporte Clube Vitória,188,955,False,,,,,False,2014-10-17T00:55:11.3702590-04:00,2014-10-17T00:55:11.3702590-04:00
534,goias,Goiás,,GOI,Goiás EC|Goiás Esporte Clube,188,964,False,,,,,False,2014-10-17T00:55:11.3728070-04:00,2014-10-17T00:55:11.3728070-04:00
535,atleticopr,Atlético Paranaense,,CAP,C Atlético Paranaense|Atlético PR|Atlético/PR|Clube Atlético Paranaense,188,970,False,,,,,False,2014-10-17T00:55:11.3759460-04:00,2014-10-17T00:55:11.3759460-04:00
536,coritiba,Coritiba,,CTB,Coritiba FC|Coritiba PR|Coritiba FC|Coritiba Football Club,188,970,False,,,,,False,2014-10-17T00:55:11.3787370-04:00,2014-10-17T00:55:11.3787370-04:00
537,nautico,Náutico,,NAU,C Náutico Capibaribe|Náutico PE|Clube Náutico Capibaribe,188,959,False,,,,,False,2014-10-17T00:55:11.3813740-04:00,2014-10-17T00:55:11.3813740-04:00
538,gremio,Grêmio,,GRE,Grêmio RS|Grêmio Porto Alegre|Grêmio FBPA|Grêmio Foot-Ball Porto Alegrense,188,971,False,,,,,False,2014-10-17T00:55:11.3837450-04:00,2014-10-17T00:55:11.3837450-04:00
539,interrs,Internacional,,INT,SC Internacional|Internacional RS|Internacional Porto Alegre|Sport Club Internacional,188,971,False,,,,,False,2014-10-17T00:55:11.3860930-04:00,2014-10-17T00:55:11.3860930-04:00
540,criciuma,Criciúma,,CRI,Criciúma EC|Criciúma Esporte Clube,188,982,False,,,,,False,2014-10-17T00:55:11.3884380-04:00,2014-10-17T00:55:11.3884380-04:00
541,atleticomg,Atlético Mineiro,,CAM,C Atlético Mineiro|Atlético MG|Atlético/MG|Clube Atlético Mineiro,188,967,False,,,,,False,2014-10-17T00:55:11.3906880-04:00,2014-10-17T00:55:11.3906880-04:00
542,cruzeiro,Cruzeiro,,CRU,Cruzeiro EC|Cruzeiro MG|Cruzeiro Esporte Clube|Cruzeiro Belo Horizonte,188,967,False,,,,,False,2014-10-17T00:55:11.3931950-04:00,2014-10-17T00:55:11.3931950-04:00
543,palmeiras,Palmeiras,,PAL,Palmeiras SP|SE Palmeiras|SE Palmeiras São Paulo|Sociedade Esportiva Palmeiras,188,969,False,,,,,False,2014-10-17T00:55:11.3981200-04:00,2014-10-17T00:55:11.3981200-04:00
544,sportrecife,Sport,,,Sport Recife|Sport PE|Sport Club do Recife,188,959,False,,,,,False,2014-10-17T00:55:11.4019480-04:00,2014-10-17T00:55:11.4019480-04:00
545,figueirense,Figueirense,,FIG,Figueirense FC|Figueirense SC|Figueirense Futebol Clube,188,972,False,,,,,False,2014-10-17T00:55:11.4044890-04:00,2014-10-17T00:55:11.4044890-04:00
546,atleticogo,Atlético GO,,ACG,Atlético/GO|Atlético Goianiense|Atlético C Goianiense|Atlético Clube Goianiense,188,964,False,,,,,False,2014-10-17T00:55:11.4069160-04:00,2014-10-17T00:55:11.4069160-04:00
